  0
SECTION
  2
HEADER
  9
$ANGBASE
  50
0.0
  9
$ANGDIR
  70
1
  9
$MEASUREMENT
  70
0
  0
ENDSEC
  0
SECTION
  2
TABLES
  0
TABLE
  2
LTYPE
  70
4
  0
LTYPE
  5
40F
  2
CONTINUOUS
  70
0
  3
Solid line
  72
65
  73
0
  40
0.0
  0
LTYPE
  5
410
  2
DASHDOT
 70
0
  3
Dash Dot ____ _ ____ _
 72
65
 73
4
 40
2.0
 49
1.25
 49
-0.25
 49
0.25
 49
-0.25
  0
LTYPE
  5
411
  2
DASHED
 70
0
  3
Dashed __ __ __ __ __
 72
65
 73
2
 40
0.75
 49
0.5
 49
-0.25
  0
LTYPE
  5
43B
  2
DOTTED
 70
0
  3
Dotted .  .  .  .
 72
65
 73
2
 40
0.2
 49
0.0
 49
-0.2
  0
ENDTAB
  0
TABLE
  2
STYLE
  70
4
  0
STYLE
  2
KICAD
  70
0
  40
0
  41
1
  42
1
  50
0
  71
0
  3
isocp.shx
  0
STYLE
  2
KICADB
  70
0
  40
0
  41
1
  42
1
  50
0
  71
0
  3
isocp.shx
  0
STYLE
  2
KICADI
  70
0
  40
0
  41
1
  42
1
  50
15
  71
0
  3
isocp.shx
  0
STYLE
  2
KICADBI
  70
0
  40
0
  41
1
  42
1
  50
15
  71
0
  3
isocp.shx
  0
ENDTAB
  0
TABLE
  2
LAYER
  70
1
  0
LAYER
  2
BLACK
  70
0
  62
7
  6
CONTINUOUS
  0
ENDTAB
  0
ENDSEC
  0
SECTION
  2
ENTITIES
0
LINE
8
BLACK
6
CONTINUOUS
10
5.9845198818897636
20
-4.753575905511811
11
5.9871900787401575
21
-4.755117559055118
0
LINE
8
BLACK
6
CONTINUOUS
10
5.9871900787401575
20
-4.755117559055118
11
5.9893703149606301
21
-4.7572977952755906
0
LINE
8
BLACK
6
CONTINUOUS
10
5.9893703149606301
20
-4.7572977952755906
11
5.9909119685039371
21
-4.7599679921259845
0
LINE
8
BLACK
6
CONTINUOUS
10
5.9909119685039371
20
-4.7599679921259845
11
5.9917099606299216
21
-4.7629462204724407
0
LINE
8
BLACK
6
CONTINUOUS
10
5.9917099606299216
20
-4.7629462204724407
11
5.9917099606299216
21
-4.7660295275590547
0
LINE
8
BLACK
6
CONTINUOUS
10
5.9917099606299216
20
-4.7660295275590547
11
5.9909119685039371
21
-4.7690077559055117
0
LINE
8
BLACK
6
CONTINUOUS
10
5.9909119685039371
20
-4.7690077559055117
11
5.9898425196850393
21
-4.7708600393700786
0
LINE
8
BLACK
6
CONTINUOUS
10
5.9898425196850393
20
-4.7708600393700786
11
5.9898425196850393
21
-4.8419230708661418
0
LINE
8
BLACK
6
CONTINUOUS
10
5.9898425196850393
20
-4.8419230708661418
11
6.0205965748031494
21
-4.8726771653543306
0
LINE
8
BLACK
6
CONTINUOUS
10
6.0205965748031494
20
-4.8726771653543306
11
6.0516277952755901
21
-4.8726771653543306
0
LINE
8
BLACK
6
CONTINUOUS
10
6.0516277952755901
20
-4.8726771653543306
11
6.0534801181102358
21
-4.8716077165354328
0
LINE
8
BLACK
6
CONTINUOUS
10
6.0534801181102358
20
-4.8716077165354328
11
6.0564583464566928
21
-4.8708097244094484
0
LINE
8
BLACK
6
CONTINUOUS
10
6.0564583464566928
20
-4.8708097244094484
11
6.0595416535433069
21
-4.8708097244094484
0
LINE
8
BLACK
6
CONTINUOUS
10
6.0595416535433069
20
-4.8708097244094484
11
6.0625198818897639
21
-4.8716077165354328
0
LINE
8
BLACK
6
CONTINUOUS
10
6.0625198818897639
20
-4.8716077165354328
11
6.0651900787401569
21
-4.8731493700787398
0
LINE
8
BLACK
6
CONTINUOUS
10
6.0651900787401569
20
-4.8731493700787398
11
6.0673703149606295
21
-4.8753296062992124
0
LINE
8
BLACK
6
CONTINUOUS
10
6.0673703149606295
20
-4.8753296062992124
11
6.0689119685039365
21
-4.8779998031496064
0
LINE
8
BLACK
6
CONTINUOUS
10
6.0689119685039365
20
-4.8779998031496064
11
6.069709960629921
21
-4.8809780314960625
0
LINE
8
BLACK
6
CONTINUOUS
10
6.069709960629921
20
-4.8809780314960625
11
6.069709960629921
21
-4.8840613385826774
0
LINE
8
BLACK
6
CONTINUOUS
10
6.069709960629921
20
-4.8840613385826774
11
6.0689119685039365
21
-4.8870395669291335
0
LINE
8
BLACK
6
CONTINUOUS
10
6.0689119685039365
20
-4.8870395669291335
11
6.0673703149606295
21
-4.8897097637795275
0
LINE
8
BLACK
6
CONTINUOUS
10
6.0673703149606295
20
-4.8897097637795275
11
6.0651900787401569
21
-4.8918900000000001
0
LINE
8
BLACK
6
CONTINUOUS
10
6.0651900787401569
20
-4.8918900000000001
11
6.0625198818897639
21
-4.8934316535433071
0
LINE
8
BLACK
6
CONTINUOUS
10
6.0625198818897639
20
-4.8934316535433071
11
6.0595416535433069
21
-4.8942296456692915
0
LINE
8
BLACK
6
CONTINUOUS
10
6.0595416535433069
20
-4.8942296456692915
11
6.0564583464566928
21
-4.8942296456692915
0
LINE
8
BLACK
6
CONTINUOUS
10
6.0564583464566928
20
-4.8942296456692915
11
6.0534801181102358
21
-4.8934316535433071
0
LINE
8
BLACK
6
CONTINUOUS
10
6.0534801181102358
20
-4.8934316535433071
11
6.0516277952755901
21
-4.8923622047244093
0
LINE
8
BLACK
6
CONTINUOUS
10
6.0516277952755901
20
-4.8923622047244093
11
6.0263622047244096
21
-4.8923622047244093
0
LINE
8
BLACK
6
CONTINUOUS
10
6.0263622047244096
20
-4.8923622047244093
11
6.0263622047244096
21
-4.93248031496063
0
LINE
8
BLACK
6
CONTINUOUS
10
6.0263622047244096
20
-4.93248031496063
11
6.0261730708661414
21
-4.9344005118110239
0
LINE
8
BLACK
6
CONTINUOUS
10
6.0261730708661414
20
-4.9344005118110239
11
6.0247034251968499
21
-4.9379485433070869
0
LINE
8
BLACK
6
CONTINUOUS
10
6.0247034251968499
20
-4.9379485433070869
11
6.024703228346457
21
-4.9379487007874019
0
LINE
8
BLACK
6
CONTINUOUS
10
6.024703228346457
20
-4.9379487007874019
11
6.0234794094488189
21
-4.939440039370079
0
LINE
8
BLACK
6
CONTINUOUS
10
6.0234794094488189
20
-4.939440039370079
11
5.9619597244094491
21
-5.0009597244094488
0
LINE
8
BLACK
6
CONTINUOUS
10
5.9619597244094491
20
-5.0009597244094488
11
5.9604683858267711
21
-5.0021835433070869
0
LINE
8
BLACK
6
CONTINUOUS
10
5.9604683858267711
20
-5.0021835433070869
11
5.960468228346457
21
-5.0021837401574798
0
LINE
8
BLACK
6
CONTINUOUS
10
5.960468228346457
20
-5.0021837401574798
11
5.956920196850394
21
-5.0036533858267713
0
LINE
8
BLACK
6
CONTINUOUS
10
5.956920196850394
20
-5.0036533858267713
11
5.9550000000000001
21
-5.0038425196850396
0
LINE
8
BLACK
6
CONTINUOUS
10
5.9550000000000001
20
-5.0038425196850396
11
5.7199999999999998
21
-5.0038425196850396
0
LINE
8
BLACK
6
CONTINUOUS
10
5.7199999999999998
20
-5.0038425196850396
11
5.7180798031496058
21
-5.0036533858267713
0
LINE
8
BLACK
6
CONTINUOUS
10
5.7180798031496058
20
-5.0036533858267713
11
5.7145317716535429
21
-5.0021837401574798
0
LINE
8
BLACK
6
CONTINUOUS
10
5.7145317716535429
20
-5.0021837401574798
11
5.7145315748031491
21
-5.0021835433070869
0
LINE
8
BLACK
6
CONTINUOUS
10
5.7145315748031491
20
-5.0021835433070869
11
5.7130402755905507
21
-5.0009597244094488
0
LINE
8
BLACK
6
CONTINUOUS
10
5.7130402755905507
20
-5.0009597244094488
11
5.5691582283464562
21
-4.8570776771653543
0
LINE
8
BLACK
6
CONTINUOUS
10
5.5691582283464562
20
-4.8570776771653543
11
5.5670922834645671
21
-4.8565241338582679
0
LINE
8
BLACK
6
CONTINUOUS
10
5.5670922834645671
20
-4.8565241338582679
11
5.5644220866141731
21
-4.8549824803149608
0
LINE
8
BLACK
6
CONTINUOUS
10
5.5644220866141731
20
-4.8549824803149608
11
5.5622418503937006
21
-4.8528022440944882
0
LINE
8
BLACK
6
CONTINUOUS
10
5.5622418503937006
20
-4.8528022440944882
11
5.5607001968503935
21
-4.8501320472440943
0
LINE
8
BLACK
6
CONTINUOUS
10
5.5607001968503935
20
-4.8501320472440943
11
5.5599022047244091
21
-4.8471538188976373
0
LINE
8
BLACK
6
CONTINUOUS
10
5.5599022047244091
20
-4.8471538188976373
11
5.5599022047244091
21
-4.8440705118110232
0
LINE
8
BLACK
6
CONTINUOUS
10
5.5599022047244091
20
-4.8440705118110232
11
5.5607001968503935
21
-4.8410922834645671
0
LINE
8
BLACK
6
CONTINUOUS
10
5.5607001968503935
20
-4.8410922834645671
11
5.5622418503937006
21
-4.8384220866141732
0
LINE
8
BLACK
6
CONTINUOUS
10
5.5622418503937006
20
-4.8384220866141732
11
5.5644220866141731
21
-4.8362418503937006
0
LINE
8
BLACK
6
CONTINUOUS
10
5.5644220866141731
20
-4.8362418503937006
11
5.5670922834645671
21
-4.8347001968503935
0
LINE
8
BLACK
6
CONTINUOUS
10
5.5670922834645671
20
-4.8347001968503935
11
5.5700705118110232
21
-4.8339022047244091
0
LINE
8
BLACK
6
CONTINUOUS
10
5.5700705118110232
20
-4.8339022047244091
11
5.5731538188976373
21
-4.8339022047244091
0
LINE
8
BLACK
6
CONTINUOUS
10
5.5731538188976373
20
-4.8339022047244091
11
5.5761320472440943
21
-4.8347001968503935
0
LINE
8
BLACK
6
CONTINUOUS
10
5.5761320472440943
20
-4.8347001968503935
11
5.5788022440944882
21
-4.8362418503937006
0
LINE
8
BLACK
6
CONTINUOUS
10
5.5788022440944882
20
-4.8362418503937006
11
5.5809824803149608
21
-4.8384220866141732
0
LINE
8
BLACK
6
CONTINUOUS
10
5.5809824803149608
20
-4.8384220866141732
11
5.5825241338582678
21
-4.8410922834645671
0
LINE
8
BLACK
6
CONTINUOUS
10
5.5825241338582678
20
-4.8410922834645671
11
5.5830776771653543
21
-4.8431582283464563
0
LINE
8
BLACK
6
CONTINUOUS
10
5.5830776771653543
20
-4.8431582283464563
11
5.724076929133858
21
-4.9841574803149609
0
LINE
8
BLACK
6
CONTINUOUS
10
5.724076929133858
20
-4.9841574803149609
11
5.9509230708661418
21
-4.9841574803149609
0
LINE
8
BLACK
6
CONTINUOUS
10
5.9509230708661418
20
-4.9841574803149609
11
6.0066771653543309
21
-4.9284033858267717
0
LINE
8
BLACK
6
CONTINUOUS
10
6.0066771653543309
20
-4.9284033858267717
11
6.0066771653543309
21
-4.8865965748031499
0
LINE
8
BLACK
6
CONTINUOUS
10
6.0066771653543309
20
-4.8865965748031499
11
5.9730402755905514
21
-4.8529597244094491
0
LINE
8
BLACK
6
CONTINUOUS
10
5.9730402755905514
20
-4.8529597244094491
11
5.9718164173228345
21
-4.851468385826772
0
LINE
8
BLACK
6
CONTINUOUS
10
5.9718164173228345
20
-4.851468385826772
11
5.9718162598425195
21
-4.851468228346457
0
LINE
8
BLACK
6
CONTINUOUS
10
5.9718162598425195
20
-4.851468228346457
11
5.970346614173228
21
-4.847920196850394
0
LINE
8
BLACK
6
CONTINUOUS
10
5.970346614173228
20
-4.847920196850394
11
5.9701574803149606
21
-4.8460000000000001
0
LINE
8
BLACK
6
CONTINUOUS
10
5.9701574803149606
20
-4.8460000000000001
11
5.9701574803149606
21
-4.7708600393700786
0
LINE
8
BLACK
6
CONTINUOUS
10
5.9701574803149606
20
-4.7708600393700786
11
5.9690880314960628
21
-4.7690077559055117
0
LINE
8
BLACK
6
CONTINUOUS
10
5.9690880314960628
20
-4.7690077559055117
11
5.9682900393700784
21
-4.7660295275590547
0
LINE
8
BLACK
6
CONTINUOUS
10
5.9682900393700784
20
-4.7660295275590547
11
5.9682900393700784
21
-4.7629462204724407
0
LINE
8
BLACK
6
CONTINUOUS
10
5.9682900393700784
20
-4.7629462204724407
11
5.9690880314960628
21
-4.7599679921259845
0
LINE
8
BLACK
6
CONTINUOUS
10
5.9690880314960628
20
-4.7599679921259845
11
5.9706296850393699
21
-4.7572977952755906
0
LINE
8
BLACK
6
CONTINUOUS
10
5.9706296850393699
20
-4.7572977952755906
11
5.9728099212598424
21
-4.755117559055118
0
LINE
8
BLACK
6
CONTINUOUS
10
5.9728099212598424
20
-4.755117559055118
11
5.9754801181102364
21
-4.753575905511811
0
LINE
8
BLACK
6
CONTINUOUS
10
5.9754801181102364
20
-4.753575905511811
11
5.9784583464566925
21
-4.7527779133858266
0
LINE
8
BLACK
6
CONTINUOUS
10
5.9784583464566925
20
-4.7527779133858266
11
5.9815416535433066
21
-4.7527779133858266
0
LINE
8
BLACK
6
CONTINUOUS
10
5.9815416535433066
20
-4.7527779133858266
11
5.9845198818897636
21
-4.753575905511811
0
LINE
8
BLACK
6
CONTINUOUS
10
5.7895199212598421
20
-4.3225429133858269
11
5.792190118110236
21
-4.3240845669291339
0
LINE
8
BLACK
6
CONTINUOUS
10
5.792190118110236
20
-4.3240845669291339
11
5.7943703543307086
21
-4.3262648031496065
0
LINE
8
BLACK
6
CONTINUOUS
10
5.7943703543307086
20
-4.3262648031496065
11
5.7959120078740156
21
-4.3289349999999995
0
LINE
8
BLACK
6
CONTINUOUS
10
5.7959120078740156
20
-4.3289349999999995
11
5.79671
21
-4.3319132283464565
0
LINE
8
BLACK
6
CONTINUOUS
10
5.79671
20
-4.3319132283464565
11
5.79671
21
-4.3349965354330706
0
LINE
8
BLACK
6
CONTINUOUS
10
5.79671
20
-4.3349965354330706
11
5.7959120078740156
21
-4.3379747637795276
0
LINE
8
BLACK
6
CONTINUOUS
10
5.7959120078740156
20
-4.3379747637795276
11
5.7943703543307086
21
-4.3406449606299216
0
LINE
8
BLACK
6
CONTINUOUS
10
5.7943703543307086
20
-4.3406449606299216
11
5.792190118110236
21
-4.3428251968503933
0
LINE
8
BLACK
6
CONTINUOUS
10
5.792190118110236
20
-4.3428251968503933
11
5.7895199212598421
21
-4.3443668503937003
0
LINE
8
BLACK
6
CONTINUOUS
10
5.7895199212598421
20
-4.3443668503937003
11
5.7865416929133859
21
-4.3451648425196847
0
LINE
8
BLACK
6
CONTINUOUS
10
5.7865416929133859
20
-4.3451648425196847
11
5.7834583858267719
21
-4.3451648425196847
0
LINE
8
BLACK
6
CONTINUOUS
10
5.7834583858267719
20
-4.3451648425196847
11
5.7809278346456692
21
-4.3444867716535436
0
LINE
8
BLACK
6
CONTINUOUS
10
5.7809278346456692
20
-4.3444867716535436
11
5.7149212598425194
21
-4.4104933464566924
0
LINE
8
BLACK
6
CONTINUOUS
10
5.7149212598425194
20
-4.4104933464566924
11
5.7149212598425194
21
-4.5828003937007873
0
LINE
8
BLACK
6
CONTINUOUS
10
5.7149212598425194
20
-4.5828003937007873
11
5.826374291338583
21
-4.69425342519685
0
LINE
8
BLACK
6
CONTINUOUS
10
5.826374291338583
20
-4.69425342519685
11
5.8269862992125985
21
-4.6949991732283465
0
LINE
8
BLACK
6
CONTINUOUS
10
5.8269862992125985
20
-4.6949991732283465
11
5.8269863385826772
21
-4.6949992125984252
0
LINE
8
BLACK
6
CONTINUOUS
10
5.8269863385826772
20
-4.6949992125984252
11
5.8277211417322832
21
-4.6967732283464567
0
LINE
8
BLACK
6
CONTINUOUS
10
5.8277211417322832
20
-4.6967732283464567
11
5.8278157086614168
21
-4.6977333070866143
0
LINE
8
BLACK
6
CONTINUOUS
10
5.8278157086614168
20
-4.6977333070866143
11
5.8278157086614168
21
-4.7283196062992126
0
LINE
8
BLACK
6
CONTINUOUS
10
5.8278157086614168
20
-4.7283196062992126
11
5.8300845275590554
21
-4.7296295275590552
0
LINE
8
BLACK
6
CONTINUOUS
10
5.8300845275590554
20
-4.7296295275590552
11
5.8322647637795271
21
-4.7318097637795278
0
LINE
8
BLACK
6
CONTINUOUS
10
5.8322647637795271
20
-4.7318097637795278
11
5.8338064173228341
21
-4.7344799606299208
0
LINE
8
BLACK
6
CONTINUOUS
10
5.8338064173228341
20
-4.7344799606299208
11
5.8346044094488185
21
-4.7374581889763778
0
LINE
8
BLACK
6
CONTINUOUS
10
5.8346044094488185
20
-4.7374581889763778
11
5.8346044094488185
21
-4.7405414960629919
0
LINE
8
BLACK
6
CONTINUOUS
10
5.8346044094488185
20
-4.7405414960629919
11
5.8338064173228341
21
-4.7435197244094489
0
LINE
8
BLACK
6
CONTINUOUS
10
5.8338064173228341
20
-4.7435197244094489
11
5.8322647637795271
21
-4.7461899212598428
0
LINE
8
BLACK
6
CONTINUOUS
10
5.8322647637795271
20
-4.7461899212598428
11
5.8300845275590554
21
-4.7483701574803145
0
LINE
8
BLACK
6
CONTINUOUS
10
5.8300845275590554
20
-4.7483701574803145
11
5.8274143307086614
21
-4.7499118110236216
0
LINE
8
BLACK
6
CONTINUOUS
10
5.8274143307086614
20
-4.7499118110236216
11
5.8244361023622044
21
-4.750709803149606
0
LINE
8
BLACK
6
CONTINUOUS
10
5.8244361023622044
20
-4.750709803149606
11
5.8213527952755904
21
-4.750709803149606
0
LINE
8
BLACK
6
CONTINUOUS
10
5.8213527952755904
20
-4.750709803149606
11
5.8183745669291334
21
-4.7499118110236216
0
LINE
8
BLACK
6
CONTINUOUS
10
5.8183745669291334
20
-4.7499118110236216
11
5.8157043700787403
21
-4.7483701574803145
0
LINE
8
BLACK
6
CONTINUOUS
10
5.8157043700787403
20
-4.7483701574803145
11
5.8135241338582677
21
-4.7461899212598428
0
LINE
8
BLACK
6
CONTINUOUS
10
5.8135241338582677
20
-4.7461899212598428
11
5.8119824803149607
21
-4.7435197244094489
0
LINE
8
BLACK
6
CONTINUOUS
10
5.8119824803149607
20
-4.7435197244094489
11
5.8111844881889763
21
-4.7405414960629919
0
LINE
8
BLACK
6
CONTINUOUS
10
5.8111844881889763
20
-4.7405414960629919
11
5.8111844881889763
21
-4.7374581889763778
0
LINE
8
BLACK
6
CONTINUOUS
10
5.8111844881889763
20
-4.7374581889763778
11
5.8119824803149607
21
-4.7344799606299208
0
LINE
8
BLACK
6
CONTINUOUS
10
5.8119824803149607
20
-4.7344799606299208
11
5.8135241338582677
21
-4.7318097637795278
0
LINE
8
BLACK
6
CONTINUOUS
10
5.8135241338582677
20
-4.7318097637795278
11
5.8157043700787403
21
-4.7296295275590552
0
LINE
8
BLACK
6
CONTINUOUS
10
5.8157043700787403
20
-4.7296295275590552
11
5.8179731889763779
21
-4.7283196062992126
0
LINE
8
BLACK
6
CONTINUOUS
10
5.8179731889763779
20
-4.7283196062992126
11
5.8179731889763779
21
-4.6997717322834642
0
LINE
8
BLACK
6
CONTINUOUS
10
5.8179731889763779
20
-4.6997717322834642
11
5.7065201574803153
21
-4.5883187007874016
0
LINE
8
BLACK
6
CONTINUOUS
10
5.7065201574803153
20
-4.5883187007874016
11
5.7059083070866139
21
-4.5875731496062988
0
LINE
8
BLACK
6
CONTINUOUS
10
5.7059083070866139
20
-4.5875731496062988
11
5.7059081102362201
21
-4.587572952755905
0
LINE
8
BLACK
6
CONTINUOUS
10
5.7059081102362201
20
-4.587572952755905
11
5.705367165354331
21
-4.5862670078740155
0
LINE
8
BLACK
6
CONTINUOUS
10
5.705367165354331
20
-4.5862670078740155
11
5.7051733070866142
21
-4.5857989763779523
0
LINE
8
BLACK
6
CONTINUOUS
10
5.7051733070866142
20
-4.5857989763779523
11
5.7051733070866142
21
-4.5857989370078736
0
LINE
8
BLACK
6
CONTINUOUS
10
5.7051733070866142
20
-4.5857989370078736
11
5.7050787401574805
21
-4.5848388582677169
0
LINE
8
BLACK
6
CONTINUOUS
10
5.7050787401574805
20
-4.5848388582677169
11
5.7050787401574805
21
-4.4084549212598425
0
LINE
8
BLACK
6
CONTINUOUS
10
5.7050787401574805
20
-4.4084549212598425
11
5.7051733070866142
21
-4.4074948425196849
0
LINE
8
BLACK
6
CONTINUOUS
10
5.7051733070866142
20
-4.4074948425196849
11
5.7059081102362201
21
-4.4057208267716534
0
LINE
8
BLACK
6
CONTINUOUS
10
5.7059081102362201
20
-4.4057208267716534
11
5.7059083070866139
21
-4.4057205905511809
0
LINE
8
BLACK
6
CONTINUOUS
10
5.7059083070866139
20
-4.4057205905511809
11
5.7065201574803153
21
-4.4049750787401578
0
LINE
8
BLACK
6
CONTINUOUS
10
5.7065201574803153
20
-4.4049750787401578
11
5.7739681102362201
21
-4.3375270472440945
0
LINE
8
BLACK
6
CONTINUOUS
10
5.7739681102362201
20
-4.3375270472440945
11
5.7732900787401578
21
-4.3349965354330706
0
LINE
8
BLACK
6
CONTINUOUS
10
5.7732900787401578
20
-4.3349965354330706
11
5.7732900787401578
21
-4.3319132283464565
0
LINE
8
BLACK
6
CONTINUOUS
10
5.7732900787401578
20
-4.3319132283464565
11
5.7740880708661413
21
-4.3289349999999995
0
LINE
8
BLACK
6
CONTINUOUS
10
5.7740880708661413
20
-4.3289349999999995
11
5.7756297244094483
21
-4.3262648031496065
0
LINE
8
BLACK
6
CONTINUOUS
10
5.7756297244094483
20
-4.3262648031496065
11
5.7778099606299209
21
-4.3240845669291339
0
LINE
8
BLACK
6
CONTINUOUS
10
5.7778099606299209
20
-4.3240845669291339
11
5.7804801574803149
21
-4.3225429133858269
0
LINE
8
BLACK
6
CONTINUOUS
10
5.7804801574803149
20
-4.3225429133858269
11
5.7834583858267719
21
-4.3217449212598424
0
LINE
8
BLACK
6
CONTINUOUS
10
5.7834583858267719
20
-4.3217449212598424
11
5.7865416929133859
21
-4.3217449212598424
0
LINE
8
BLACK
6
CONTINUOUS
10
5.7865416929133859
20
-4.3217449212598424
11
5.7895199212598421
21
-4.3225429133858269
0
LINE
8
BLACK
6
CONTINUOUS
10
5.7969677952755907
20
-4.3020533858267713
11
5.7969678346456694
21
-4.3020533858267713
0
LINE
8
BLACK
6
CONTINUOUS
10
5.7969678346456694
20
-4.3020533858267713
11
5.797487401574803
21
-4.3022685826771649
0
LINE
8
BLACK
6
CONTINUOUS
10
5.797487401574803
20
-4.3022685826771649
11
5.7987418110236222
21
-4.3027881889763782
0
LINE
8
BLACK
6
CONTINUOUS
10
5.7987418110236222
20
-4.3027881889763782
11
5.7987420078740159
21
-4.3027883858267719
0
LINE
8
BLACK
6
CONTINUOUS
10
5.7987420078740159
20
-4.3027883858267719
11
5.7994875590551178
21
-4.3034002362204724
0
LINE
8
BLACK
6
CONTINUOUS
10
5.7994875590551178
20
-4.3034002362204724
11
5.8201661023622044
21
-4.3240787401574803
0
LINE
8
BLACK
6
CONTINUOUS
10
5.8201661023622044
20
-4.3240787401574803
11
5.8693197637795276
21
-4.3240787401574803
0
LINE
8
BLACK
6
CONTINUOUS
10
5.8693197637795276
20
-4.3240787401574803
11
5.8706296850393702
21
-4.3218099212598426
0
LINE
8
BLACK
6
CONTINUOUS
10
5.8706296850393702
20
-4.3218099212598426
11
5.8728099212598428
21
-4.3196296850393701
0
LINE
8
BLACK
6
CONTINUOUS
10
5.8728099212598428
20
-4.3196296850393701
11
5.8754801181102358
21
-4.318088031496063
0
LINE
8
BLACK
6
CONTINUOUS
10
5.8754801181102358
20
-4.318088031496063
11
5.8784583464566929
21
-4.3172900393700786
0
LINE
8
BLACK
6
CONTINUOUS
10
5.8784583464566929
20
-4.3172900393700786
11
5.8815416535433069
21
-4.3172900393700786
0
LINE
8
BLACK
6
CONTINUOUS
10
5.8815416535433069
20
-4.3172900393700786
11
5.8845198818897639
21
-4.318088031496063
0
LINE
8
BLACK
6
CONTINUOUS
10
5.8845198818897639
20
-4.318088031496063
11
5.887190078740157
21
-4.3196296850393701
0
LINE
8
BLACK
6
CONTINUOUS
10
5.887190078740157
20
-4.3196296850393701
11
5.8893703149606296
21
-4.3218099212598426
0
LINE
8
BLACK
6
CONTINUOUS
10
5.8893703149606296
20
-4.3218099212598426
11
5.8909119685039366
21
-4.3244801181102357
0
LINE
8
BLACK
6
CONTINUOUS
10
5.8909119685039366
20
-4.3244801181102357
11
5.891709960629921
21
-4.3274583464566927
0
LINE
8
BLACK
6
CONTINUOUS
10
5.891709960629921
20
-4.3274583464566927
11
5.891709960629921
21
-4.3305416535433068
0
LINE
8
BLACK
6
CONTINUOUS
10
5.891709960629921
20
-4.3305416535433068
11
5.8909119685039366
21
-4.3335198818897638
0
LINE
8
BLACK
6
CONTINUOUS
10
5.8909119685039366
20
-4.3335198818897638
11
5.8893703149606296
21
-4.3361900787401577
0
LINE
8
BLACK
6
CONTINUOUS
10
5.8893703149606296
20
-4.3361900787401577
11
5.887190078740157
21
-4.3383703149606294
0
LINE
8
BLACK
6
CONTINUOUS
10
5.887190078740157
20
-4.3383703149606294
11
5.8845198818897639
21
-4.3399119685039373
0
LINE
8
BLACK
6
CONTINUOUS
10
5.8845198818897639
20
-4.3399119685039373
11
5.8815416535433069
21
-4.3407099606299209
0
LINE
8
BLACK
6
CONTINUOUS
10
5.8815416535433069
20
-4.3407099606299209
11
5.8784583464566929
21
-4.3407099606299209
0
LINE
8
BLACK
6
CONTINUOUS
10
5.8784583464566929
20
-4.3407099606299209
11
5.8754801181102358
21
-4.3399119685039373
0
LINE
8
BLACK
6
CONTINUOUS
10
5.8754801181102358
20
-4.3399119685039373
11
5.8728099212598428
21
-4.3383703149606294
0
LINE
8
BLACK
6
CONTINUOUS
10
5.8728099212598428
20
-4.3383703149606294
11
5.8706296850393702
21
-4.3361900787401577
0
LINE
8
BLACK
6
CONTINUOUS
10
5.8706296850393702
20
-4.3361900787401577
11
5.8693197637795276
21
-4.3339212598425192
0
LINE
8
BLACK
6
CONTINUOUS
10
5.8693197637795276
20
-4.3339212598425192
11
5.8181276377952758
21
-4.3339212598425192
0
LINE
8
BLACK
6
CONTINUOUS
10
5.8181276377952758
20
-4.3339212598425192
11
5.8171675590551182
21
-4.3338266929133855
0
LINE
8
BLACK
6
CONTINUOUS
10
5.8171675590551182
20
-4.3338266929133855
11
5.8171675196850394
21
-4.3338266929133855
0
LINE
8
BLACK
6
CONTINUOUS
10
5.8171675196850394
20
-4.3338266929133855
11
5.8163301574803148
21
-4.3334798425196848
0
LINE
8
BLACK
6
CONTINUOUS
10
5.8163301574803148
20
-4.3334798425196848
11
5.8153935433070867
21
-4.3330918897637796
0
LINE
8
BLACK
6
CONTINUOUS
10
5.8153935433070867
20
-4.3330918897637796
11
5.8153935039370079
21
-4.3330918503937008
0
LINE
8
BLACK
6
CONTINUOUS
10
5.8153935039370079
20
-4.3330918503937008
11
5.8146477559055114
21
-4.3324798425196853
0
LINE
8
BLACK
6
CONTINUOUS
10
5.8146477559055114
20
-4.3324798425196853
11
5.7939692913385823
21
-4.3118013385826774
0
LINE
8
BLACK
6
CONTINUOUS
10
5.7939692913385823
20
-4.3118013385826774
11
5.7626780708661416
21
-4.3118013385826774
0
LINE
8
BLACK
6
CONTINUOUS
10
5.7626780708661416
20
-4.3118013385826774
11
5.7085515748031499
21
-4.3659277559055116
0
LINE
8
BLACK
6
CONTINUOUS
10
5.7085515748031499
20
-4.3659277559055116
11
5.709229645669291
21
-4.3684583464566931
0
LINE
8
BLACK
6
CONTINUOUS
10
5.709229645669291
20
-4.3684583464566931
11
5.709229645669291
21
-4.3715416535433071
0
LINE
8
BLACK
6
CONTINUOUS
10
5.709229645669291
20
-4.3715416535433071
11
5.7084316535433066
21
-4.3745198818897633
0
LINE
8
BLACK
6
CONTINUOUS
10
5.7084316535433066
20
-4.3745198818897633
11
5.7068899999999996
21
-4.3771900787401572
0
LINE
8
BLACK
6
CONTINUOUS
10
5.7068899999999996
20
-4.3771900787401572
11
5.704709763779527
21
-4.3793703149606298
0
LINE
8
BLACK
6
CONTINUOUS
10
5.704709763779527
20
-4.3793703149606298
11
5.7020395669291339
21
-4.3809119685039368
0
LINE
8
BLACK
6
CONTINUOUS
10
5.7020395669291339
20
-4.3809119685039368
11
5.6990613385826769
21
-4.3817099606299212
0
LINE
8
BLACK
6
CONTINUOUS
10
5.6990613385826769
20
-4.3817099606299212
11
5.6959780314960629
21
-4.3817099606299212
0
LINE
8
BLACK
6
CONTINUOUS
10
5.6959780314960629
20
-4.3817099606299212
11
5.6934474409448814
21
-4.3810318897637792
0
LINE
8
BLACK
6
CONTINUOUS
10
5.6934474409448814
20
-4.3810318897637792
11
5.6859212598425195
21
-4.3885581102362208
0
LINE
8
BLACK
6
CONTINUOUS
10
5.6859212598425195
20
-4.3885581102362208
11
5.6859212598425195
21
-4.588571732283464
0
LINE
8
BLACK
6
CONTINUOUS
10
5.6859212598425195
20
-4.588571732283464
11
5.6881900787401571
21
-4.5898816535433067
0
LINE
8
BLACK
6
CONTINUOUS
10
5.6881900787401571
20
-4.5898816535433067
11
5.6903703149606297
21
-4.5920618897637793
0
LINE
8
BLACK
6
CONTINUOUS
10
5.6903703149606297
20
-4.5920618897637793
11
5.6919119685039368
21
-4.5947320866141732
0
LINE
8
BLACK
6
CONTINUOUS
10
5.6919119685039368
20
-4.5947320866141732
11
5.6927099606299212
21
-4.5977103149606302
0
LINE
8
BLACK
6
CONTINUOUS
10
5.6927099606299212
20
-4.5977103149606302
11
5.6927099606299212
21
-4.6007936220472443
0
LINE
8
BLACK
6
CONTINUOUS
10
5.6927099606299212
20
-4.6007936220472443
11
5.6919119685039368
21
-4.6037718503937004
0
LINE
8
BLACK
6
CONTINUOUS
10
5.6919119685039368
20
-4.6037718503937004
11
5.6903703149606297
21
-4.6064420472440943
0
LINE
8
BLACK
6
CONTINUOUS
10
5.6903703149606297
20
-4.6064420472440943
11
5.6881900787401571
21
-4.6086222834645669
0
LINE
8
BLACK
6
CONTINUOUS
10
5.6881900787401571
20
-4.6086222834645669
11
5.6855198818897641
21
-4.610163937007874
0
LINE
8
BLACK
6
CONTINUOUS
10
5.6855198818897641
20
-4.610163937007874
11
5.6825416535433071
21
-4.6109619291338584
0
LINE
8
BLACK
6
CONTINUOUS
10
5.6825416535433071
20
-4.6109619291338584
11
5.679458346456693
21
-4.6109619291338584
0
LINE
8
BLACK
6
CONTINUOUS
10
5.679458346456693
20
-4.6109619291338584
11
5.676480118110236
21
-4.610163937007874
0
LINE
8
BLACK
6
CONTINUOUS
10
5.676480118110236
20
-4.610163937007874
11
5.6738099212598421
21
-4.6086222834645669
0
LINE
8
BLACK
6
CONTINUOUS
10
5.6738099212598421
20
-4.6086222834645669
11
5.6716296850393704
21
-4.6064420472440943
0
LINE
8
BLACK
6
CONTINUOUS
10
5.6716296850393704
20
-4.6064420472440943
11
5.6700880314960624
21
-4.6037718503937004
0
LINE
8
BLACK
6
CONTINUOUS
10
5.6700880314960624
20
-4.6037718503937004
11
5.6692900393700789
21
-4.6007936220472443
0
LINE
8
BLACK
6
CONTINUOUS
10
5.6692900393700789
20
-4.6007936220472443
11
5.6692900393700789
21
-4.5977103149606302
0
LINE
8
BLACK
6
CONTINUOUS
10
5.6692900393700789
20
-4.5977103149606302
11
5.6700880314960624
21
-4.5947320866141732
0
LINE
8
BLACK
6
CONTINUOUS
10
5.6700880314960624
20
-4.5947320866141732
11
5.6716296850393704
21
-4.5920618897637793
0
LINE
8
BLACK
6
CONTINUOUS
10
5.6716296850393704
20
-4.5920618897637793
11
5.6738099212598421
21
-4.5898816535433067
0
LINE
8
BLACK
6
CONTINUOUS
10
5.6738099212598421
20
-4.5898816535433067
11
5.6760787401574806
21
-4.588571732283464
0
LINE
8
BLACK
6
CONTINUOUS
10
5.6760787401574806
20
-4.588571732283464
11
5.6760787401574806
21
-4.38651968503937
0
LINE
8
BLACK
6
CONTINUOUS
10
5.6760787401574806
20
-4.38651968503937
11
5.6761733070866143
21
-4.3855596062992124
0
LINE
8
BLACK
6
CONTINUOUS
10
5.6761733070866143
20
-4.3855596062992124
11
5.6769081102362202
21
-4.3837855905511809
0
LINE
8
BLACK
6
CONTINUOUS
10
5.6769081102362202
20
-4.3837855905511809
11
5.676908307086614
21
-4.3837853543307084
0
LINE
8
BLACK
6
CONTINUOUS
10
5.676908307086614
20
-4.3837853543307084
11
5.6775201574803145
21
-4.3830398425196853
0
LINE
8
BLACK
6
CONTINUOUS
10
5.6775201574803145
20
-4.3830398425196853
11
5.686487755905512
21
-4.3740722047244089
0
LINE
8
BLACK
6
CONTINUOUS
10
5.686487755905512
20
-4.3740722047244089
11
5.6858097244094488
21
-4.3715416535433071
0
LINE
8
BLACK
6
CONTINUOUS
10
5.6858097244094488
20
-4.3715416535433071
11
5.6858097244094488
21
-4.3684583464566931
0
LINE
8
BLACK
6
CONTINUOUS
10
5.6858097244094488
20
-4.3684583464566931
11
5.6866077165354332
21
-4.3654801181102361
0
LINE
8
BLACK
6
CONTINUOUS
10
5.6866077165354332
20
-4.3654801181102361
11
5.6881493700787402
21
-4.3628099212598421
0
LINE
8
BLACK
6
CONTINUOUS
10
5.6881493700787402
20
-4.3628099212598421
11
5.6903296062992128
21
-4.3606296850393695
0
LINE
8
BLACK
6
CONTINUOUS
10
5.6903296062992128
20
-4.3606296850393695
11
5.6929998031496059
21
-4.3590880314960625
0
LINE
8
BLACK
6
CONTINUOUS
10
5.6929998031496059
20
-4.3590880314960625
11
5.6959780314960629
21
-4.358290039370079
0
LINE
8
BLACK
6
CONTINUOUS
10
5.6959780314960629
20
-4.358290039370079
11
5.6990613385826769
21
-4.358290039370079
0
LINE
8
BLACK
6
CONTINUOUS
10
5.6990613385826769
20
-4.358290039370079
11
5.7015918897637796
21
-4.3589680708661414
0
LINE
8
BLACK
6
CONTINUOUS
10
5.7015918897637796
20
-4.3589680708661414
11
5.7571597244094486
21
-4.3034002362204724
0
LINE
8
BLACK
6
CONTINUOUS
10
5.7571597244094486
20
-4.3034002362204724
11
5.7579054724409451
21
-4.3027882283464569
0
LINE
8
BLACK
6
CONTINUOUS
10
5.7579054724409451
20
-4.3027882283464569
11
5.7579055118110238
21
-4.3027881889763782
0
LINE
8
BLACK
6
CONTINUOUS
10
5.7579055118110238
20
-4.3027881889763782
11
5.7589446850393697
21
-4.3023577559055113
0
LINE
8
BLACK
6
CONTINUOUS
10
5.7589446850393697
20
-4.3023577559055113
11
5.7596794881889766
21
-4.3020533858267713
0
LINE
8
BLACK
6
CONTINUOUS
10
5.7596794881889766
20
-4.3020533858267713
11
5.7596795275590553
21
-4.3020533858267713
0
LINE
8
BLACK
6
CONTINUOUS
10
5.7596795275590553
20
-4.3020533858267713
11
5.7606396062992129
21
-4.3019588188976376
0
LINE
8
BLACK
6
CONTINUOUS
10
5.7606396062992129
20
-4.3019588188976376
11
5.7960077165354331
21
-4.3019588188976376
0
LINE
8
BLACK
6
CONTINUOUS
10
5.7960077165354331
20
-4.3019588188976376
11
5.7969677952755907
21
-4.3020533858267713
0
LINE
8
BLACK
6
CONTINUOUS
10
5.8545198818897637
20
-4.1490880314960625
11
5.8571900787401576
21
-4.1506296850393696
0
LINE
8
BLACK
6
CONTINUOUS
10
5.8571900787401576
20
-4.1506296850393696
11
5.8593703149606302
21
-4.1528099212598422
0
LINE
8
BLACK
6
CONTINUOUS
10
5.8593703149606302
20
-4.1528099212598422
11
5.8609119685039373
21
-4.1554801181102361
0
LINE
8
BLACK
6
CONTINUOUS
10
5.8609119685039373
20
-4.1554801181102361
11
5.8617099606299208
21
-4.1584583464566931
0
LINE
8
BLACK
6
CONTINUOUS
10
5.8617099606299208
20
-4.1584583464566931
11
5.8617099606299208
21
-4.1615416535433072
0
LINE
8
BLACK
6
CONTINUOUS
10
5.8617099606299208
20
-4.1615416535433072
11
5.8609119685039373
21
-4.1645198818897633
0
LINE
8
BLACK
6
CONTINUOUS
10
5.8609119685039373
20
-4.1645198818897633
11
5.8598425196850394
21
-4.1663721653543302
0
LINE
8
BLACK
6
CONTINUOUS
10
5.8598425196850394
20
-4.1663721653543302
11
5.8598425196850394
21
-4.1699999999999999
0
LINE
8
BLACK
6
CONTINUOUS
10
5.8598425196850394
20
-4.1699999999999999
11
5.85965342519685
21
-4.1719197637795276
0
LINE
8
BLACK
6
CONTINUOUS
10
5.85965342519685
20
-4.1719197637795276
11
5.85965342519685
21
-4.1719201574803151
0
LINE
8
BLACK
6
CONTINUOUS
10
5.85965342519685
20
-4.1719201574803151
11
5.8581837795275593
21
-4.1754681889763781
0
LINE
8
BLACK
6
CONTINUOUS
10
5.8581837795275593
20
-4.1754681889763781
11
5.8569597244094487
21
-4.1769596850393702
0
LINE
8
BLACK
6
CONTINUOUS
10
5.8569597244094487
20
-4.1769596850393702
11
5.631959724409449
21
-4.4019597244094486
0
LINE
8
BLACK
6
CONTINUOUS
10
5.631959724409449
20
-4.4019597244094486
11
5.6304683858267719
21
-4.4031835433070867
0
LINE
8
BLACK
6
CONTINUOUS
10
5.6304683858267719
20
-4.4031835433070867
11
5.6304682283464569
21
-4.4031837401574805
0
LINE
8
BLACK
6
CONTINUOUS
10
5.6304682283464569
20
-4.4031837401574805
11
5.6269201968503939
21
-4.4046533858267711
0
LINE
8
BLACK
6
CONTINUOUS
10
5.6269201968503939
20
-4.4046533858267711
11
5.625
21
-4.4048425196850394
0
LINE
8
BLACK
6
CONTINUOUS
10
5.625
20
-4.4048425196850394
11
5.5890769291338582
21
-4.4048425196850394
0
LINE
8
BLACK
6
CONTINUOUS
10
5.5890769291338582
20
-4.4048425196850394
11
5.5019597244094491
21
-4.4919597244094485
0
LINE
8
BLACK
6
CONTINUOUS
10
5.5019597244094491
20
-4.4919597244094485
11
5.5004683858267711
21
-4.4931835433070866
0
LINE
8
BLACK
6
CONTINUOUS
10
5.5004683858267711
20
-4.4931835433070866
11
5.500468228346457
21
-4.4931837401574803
0
LINE
8
BLACK
6
CONTINUOUS
10
5.500468228346457
20
-4.4931837401574803
11
5.496920196850394
21
-4.4946533858267719
0
LINE
8
BLACK
6
CONTINUOUS
10
5.496920196850394
20
-4.4946533858267719
11
5.4966544488188971
21
-4.4946795275590548
0
LINE
8
BLACK
6
CONTINUOUS
10
5.4966544488188971
20
-4.4946795275590548
11
5.4945198818897634
21
-4.495911968503937
0
LINE
8
BLACK
6
CONTINUOUS
10
5.4945198818897634
20
-4.495911968503937
11
5.4915416535433073
21
-4.4967099606299215
0
LINE
8
BLACK
6
CONTINUOUS
10
5.4915416535433073
20
-4.4967099606299215
11
5.4884583464566932
21
-4.4967099606299215
0
LINE
8
BLACK
6
CONTINUOUS
10
5.4884583464566932
20
-4.4967099606299215
11
5.4854801181102362
21
-4.495911968503937
0
LINE
8
BLACK
6
CONTINUOUS
10
5.4854801181102362
20
-4.495911968503937
11
5.4828099212598422
21
-4.49437031496063
0
LINE
8
BLACK
6
CONTINUOUS
10
5.4828099212598422
20
-4.49437031496063
11
5.4806296850393696
21
-4.4921900787401574
0
LINE
8
BLACK
6
CONTINUOUS
10
5.4806296850393696
20
-4.4921900787401574
11
5.4790880314960626
21
-4.4895198818897635
0
LINE
8
BLACK
6
CONTINUOUS
10
5.4790880314960626
20
-4.4895198818897635
11
5.4782900393700782
21
-4.4865416535433074
0
LINE
8
BLACK
6
CONTINUOUS
10
5.4782900393700782
20
-4.4865416535433074
11
5.4782900393700782
21
-4.4834583464566924
0
LINE
8
BLACK
6
CONTINUOUS
10
5.4782900393700782
20
-4.4834583464566924
11
5.4790880314960626
21
-4.4804801181102363
0
LINE
8
BLACK
6
CONTINUOUS
10
5.4790880314960626
20
-4.4804801181102363
11
5.4806296850393696
21
-4.4778099212598423
0
LINE
8
BLACK
6
CONTINUOUS
10
5.4806296850393696
20
-4.4778099212598423
11
5.4828099212598422
21
-4.4756296850393698
0
LINE
8
BLACK
6
CONTINUOUS
10
5.4828099212598422
20
-4.4756296850393698
11
5.4854801181102362
21
-4.4740880314960627
0
LINE
8
BLACK
6
CONTINUOUS
10
5.4854801181102362
20
-4.4740880314960627
11
5.4884583464566932
21
-4.4732900393700783
0
LINE
8
BLACK
6
CONTINUOUS
10
5.4884583464566932
20
-4.4732900393700783
11
5.4915416535433073
21
-4.4732900393700783
0
LINE
8
BLACK
6
CONTINUOUS
10
5.4915416535433073
20
-4.4732900393700783
11
5.4925265748031498
21
-4.4735539370078738
0
LINE
8
BLACK
6
CONTINUOUS
10
5.4925265748031498
20
-4.4735539370078738
11
5.5780402755905509
21
-4.3880402755905514
0
LINE
8
BLACK
6
CONTINUOUS
10
5.5780402755905509
20
-4.3880402755905514
11
5.5795315748031493
21
-4.3868164173228346
0
LINE
8
BLACK
6
CONTINUOUS
10
5.5795315748031493
20
-4.3868164173228346
11
5.5795317716535431
21
-4.3868162598425195
0
LINE
8
BLACK
6
CONTINUOUS
10
5.5795317716535431
20
-4.3868162598425195
11
5.5830798031496061
21
-4.385346614173228
0
LINE
8
BLACK
6
CONTINUOUS
10
5.5830798031496061
20
-4.385346614173228
11
5.585
21
-4.3851574803149607
0
LINE
8
BLACK
6
CONTINUOUS
10
5.585
20
-4.3851574803149607
11
5.6209230708661417
21
-4.3851574803149607
0
LINE
8
BLACK
6
CONTINUOUS
10
5.6209230708661417
20
-4.3851574803149607
11
5.8399930708661412
21
-4.1660874803149603
0
LINE
8
BLACK
6
CONTINUOUS
10
5.8399930708661412
20
-4.1660874803149603
11
5.8390880314960629
21
-4.1645198818897633
0
LINE
8
BLACK
6
CONTINUOUS
10
5.8390880314960629
20
-4.1645198818897633
11
5.8382900393700785
21
-4.1615416535433072
0
LINE
8
BLACK
6
CONTINUOUS
10
5.8382900393700785
20
-4.1615416535433072
11
5.8382900393700785
21
-4.1584583464566931
0
LINE
8
BLACK
6
CONTINUOUS
10
5.8382900393700785
20
-4.1584583464566931
11
5.8390880314960629
21
-4.1554801181102361
0
LINE
8
BLACK
6
CONTINUOUS
10
5.8390880314960629
20
-4.1554801181102361
11
5.84062968503937
21
-4.1528099212598422
0
LINE
8
BLACK
6
CONTINUOUS
10
5.84062968503937
20
-4.1528099212598422
11
5.8428099212598426
21
-4.1506296850393696
0
LINE
8
BLACK
6
CONTINUOUS
10
5.8428099212598426
20
-4.1506296850393696
11
5.8454801181102365
21
-4.1490880314960625
0
LINE
8
BLACK
6
CONTINUOUS
10
5.8454801181102365
20
-4.1490880314960625
11
5.8484583464566926
21
-4.148290039370079
0
LINE
8
BLACK
6
CONTINUOUS
10
5.8484583464566926
20
-4.148290039370079
11
5.8515416535433067
21
-4.148290039370079
0
LINE
8
BLACK
6
CONTINUOUS
10
5.8515416535433067
20
-4.148290039370079
11
5.8545198818897637
21
-4.1490880314960625
0
LINE
8
BLACK
6
CONTINUOUS
10
5.812669488188976
20
-4.3510880314960625
11
5.8153396850393699
21
-4.3526296850393704
0
LINE
8
BLACK
6
CONTINUOUS
10
5.8153396850393699
20
-4.3526296850393704
11
5.8175199212598425
21
-4.3548099212598421
0
LINE
8
BLACK
6
CONTINUOUS
10
5.8175199212598425
20
-4.3548099212598421
11
5.8188298425196852
21
-4.3570787401574806
0
LINE
8
BLACK
6
CONTINUOUS
10
5.8188298425196852
20
-4.3570787401574806
11
6.6139999999999999
21
-4.3570787401574806
0
LINE
8
BLACK
6
CONTINUOUS
10
6.6139999999999999
20
-4.3570787401574806
11
6.6149600787401575
21
-4.3571733070866143
0
LINE
8
BLACK
6
CONTINUOUS
10
6.6149600787401575
20
-4.3571733070866143
11
6.6149601181102362
21
-4.3571733070866143
0
LINE
8
BLACK
6
CONTINUOUS
10
6.6149601181102362
20
-4.3571733070866143
11
6.6154796850393698
21
-4.3573885039370079
0
LINE
8
BLACK
6
CONTINUOUS
10
6.6154796850393698
20
-4.3573885039370079
11
6.6167340944881889
21
-4.3579081102362203
0
LINE
8
BLACK
6
CONTINUOUS
10
6.6167340944881889
20
-4.3579081102362203
11
6.6167342913385827
21
-4.357908307086614
0
LINE
8
BLACK
6
CONTINUOUS
10
6.6167342913385827
20
-4.357908307086614
11
6.6174798425196846
21
-4.3585201574803145
0
LINE
8
BLACK
6
CONTINUOUS
10
6.6174798425196846
20
-4.3585201574803145
11
6.6399277559055117
21
-4.3809680708661416
0
LINE
8
BLACK
6
CONTINUOUS
10
6.6399277559055117
20
-4.3809680708661416
11
6.6424583464566931
21
-4.3802900393700783
0
LINE
8
BLACK
6
CONTINUOUS
10
6.6424583464566931
20
-4.3802900393700783
11
6.6455416535433072
21
-4.3802900393700783
0
LINE
8
BLACK
6
CONTINUOUS
10
6.6455416535433072
20
-4.3802900393700783
11
6.6485198818897633
21
-4.3810880314960627
0
LINE
8
BLACK
6
CONTINUOUS
10
6.6485198818897633
20
-4.3810880314960627
11
6.6511900787401572
21
-4.3826296850393698
0
LINE
8
BLACK
6
CONTINUOUS
10
6.6511900787401572
20
-4.3826296850393698
11
6.6533703149606298
21
-4.3848099212598424
0
LINE
8
BLACK
6
CONTINUOUS
10
6.6533703149606298
20
-4.3848099212598424
11
6.6549119685039368
21
-4.3874801181102363
0
LINE
8
BLACK
6
CONTINUOUS
10
6.6549119685039368
20
-4.3874801181102363
11
6.6557099606299213
21
-4.3904583464566924
0
LINE
8
BLACK
6
CONTINUOUS
10
6.6557099606299213
20
-4.3904583464566924
11
6.6557099606299213
21
-4.3935416535433074
0
LINE
8
BLACK
6
CONTINUOUS
10
6.6557099606299213
20
-4.3935416535433074
11
6.6549119685039368
21
-4.3965198818897635
0
LINE
8
BLACK
6
CONTINUOUS
10
6.6549119685039368
20
-4.3965198818897635
11
6.6533703149606298
21
-4.3991900787401574
0
LINE
8
BLACK
6
CONTINUOUS
10
6.6533703149606298
20
-4.3991900787401574
11
6.6511900787401572
21
-4.40137031496063
0
LINE
8
BLACK
6
CONTINUOUS
10
6.6511900787401572
20
-4.40137031496063
11
6.6485198818897633
21
-4.4029119685039371
0
LINE
8
BLACK
6
CONTINUOUS
10
6.6485198818897633
20
-4.4029119685039371
11
6.6455416535433072
21
-4.4037099606299215
0
LINE
8
BLACK
6
CONTINUOUS
10
6.6455416535433072
20
-4.4037099606299215
11
6.6424583464566931
21
-4.4037099606299215
0
LINE
8
BLACK
6
CONTINUOUS
10
6.6424583464566931
20
-4.4037099606299215
11
6.6394801181102361
21
-4.4029119685039371
0
LINE
8
BLACK
6
CONTINUOUS
10
6.6394801181102361
20
-4.4029119685039371
11
6.6368099212598421
21
-4.40137031496063
0
LINE
8
BLACK
6
CONTINUOUS
10
6.6368099212598421
20
-4.40137031496063
11
6.6346296850393696
21
-4.3991900787401574
0
LINE
8
BLACK
6
CONTINUOUS
10
6.6346296850393696
20
-4.3991900787401574
11
6.6330880314960625
21
-4.3965198818897635
0
LINE
8
BLACK
6
CONTINUOUS
10
6.6330880314960625
20
-4.3965198818897635
11
6.632290039370079
21
-4.3935416535433074
0
LINE
8
BLACK
6
CONTINUOUS
10
6.632290039370079
20
-4.3935416535433074
11
6.632290039370079
21
-4.3904583464566924
0
LINE
8
BLACK
6
CONTINUOUS
10
6.632290039370079
20
-4.3904583464566924
11
6.6329680708661414
21
-4.3879277559055119
0
LINE
8
BLACK
6
CONTINUOUS
10
6.6329680708661414
20
-4.3879277559055119
11
6.6119615748031491
21
-4.3669212598425196
0
LINE
8
BLACK
6
CONTINUOUS
10
6.6119615748031491
20
-4.3669212598425196
11
5.8188298425196852
21
-4.3669212598425196
0
LINE
8
BLACK
6
CONTINUOUS
10
5.8188298425196852
20
-4.3669212598425196
11
5.8175199212598425
21
-4.3691900787401572
0
LINE
8
BLACK
6
CONTINUOUS
10
5.8175199212598425
20
-4.3691900787401572
11
5.8153396850393699
21
-4.3713703149606298
0
LINE
8
BLACK
6
CONTINUOUS
10
5.8153396850393699
20
-4.3713703149606298
11
5.812669488188976
21
-4.3729119685039368
0
LINE
8
BLACK
6
CONTINUOUS
10
5.812669488188976
20
-4.3729119685039368
11
5.8096912598425199
21
-4.3737099606299212
0
LINE
8
BLACK
6
CONTINUOUS
10
5.8096912598425199
20
-4.3737099606299212
11
5.8066079527559058
21
-4.3737099606299212
0
LINE
8
BLACK
6
CONTINUOUS
10
5.8066079527559058
20
-4.3737099606299212
11
5.8036297244094488
21
-4.3729119685039368
0
LINE
8
BLACK
6
CONTINUOUS
10
5.8036297244094488
20
-4.3729119685039368
11
5.8009595275590549
21
-4.3713703149606298
0
LINE
8
BLACK
6
CONTINUOUS
10
5.8009595275590549
20
-4.3713703149606298
11
5.7987792913385823
21
-4.3691900787401572
0
LINE
8
BLACK
6
CONTINUOUS
10
5.7987792913385823
20
-4.3691900787401572
11
5.7972376377952752
21
-4.3665198818897633
0
LINE
8
BLACK
6
CONTINUOUS
10
5.7972376377952752
20
-4.3665198818897633
11
5.7964396456692908
21
-4.3635416535433071
0
LINE
8
BLACK
6
CONTINUOUS
10
5.7964396456692908
20
-4.3635416535433071
11
5.7964396456692908
21
-4.3604583464566931
0
LINE
8
BLACK
6
CONTINUOUS
10
5.7964396456692908
20
-4.3604583464566931
11
5.7972376377952752
21
-4.3574801181102361
0
LINE
8
BLACK
6
CONTINUOUS
10
5.7972376377952752
20
-4.3574801181102361
11
5.7987792913385823
21
-4.3548099212598421
0
LINE
8
BLACK
6
CONTINUOUS
10
5.7987792913385823
20
-4.3548099212598421
11
5.8009595275590549
21
-4.3526296850393704
0
LINE
8
BLACK
6
CONTINUOUS
10
5.8009595275590549
20
-4.3526296850393704
11
5.8036297244094488
21
-4.3510880314960625
0
LINE
8
BLACK
6
CONTINUOUS
10
5.8036297244094488
20
-4.3510880314960625
11
5.8066079527559058
21
-4.350290039370079
0
LINE
8
BLACK
6
CONTINUOUS
10
5.8066079527559058
20
-4.350290039370079
11
5.8096912598425199
21
-4.350290039370079
0
LINE
8
BLACK
6
CONTINUOUS
10
5.8096912598425199
20
-4.350290039370079
11
5.812669488188976
21
-4.3510880314960625
0
LINE
8
BLACK
6
CONTINUOUS
10
6.0679545275590554
20
-4.3177357480314962
11
6.0706247244094484
21
-4.3192774015748032
0
LINE
8
BLACK
6
CONTINUOUS
10
6.0706247244094484
20
-4.3192774015748032
11
6.072804960629921
21
-4.3214576377952758
0
LINE
8
BLACK
6
CONTINUOUS
10
6.072804960629921
20
-4.3214576377952758
11
6.0743466141732281
21
-4.3241278346456689
0
LINE
8
BLACK
6
CONTINUOUS
10
6.0743466141732281
20
-4.3241278346456689
11
6.0751446062992125
21
-4.3271060629921259
0
LINE
8
BLACK
6
CONTINUOUS
10
6.0751446062992125
20
-4.3271060629921259
11
6.0751446062992125
21
-4.3301893700787399
0
LINE
8
BLACK
6
CONTINUOUS
10
6.0751446062992125
20
-4.3301893700787399
11
6.0743466141732281
21
-4.3331675984251969
0
LINE
8
BLACK
6
CONTINUOUS
10
6.0743466141732281
20
-4.3331675984251969
11
6.072804960629921
21
-4.3358377952755909
0
LINE
8
BLACK
6
CONTINUOUS
10
6.072804960629921
20
-4.3358377952755909
11
6.0706247244094484
21
-4.3380180314960626
0
LINE
8
BLACK
6
CONTINUOUS
10
6.0706247244094484
20
-4.3380180314960626
11
6.0679545275590554
21
-4.3395596850393696
0
LINE
8
BLACK
6
CONTINUOUS
10
6.0679545275590554
20
-4.3395596850393696
11
6.0649762992125984
21
-4.340357677165354
0
LINE
8
BLACK
6
CONTINUOUS
10
6.0649762992125984
20
-4.340357677165354
11
6.0618929921259843
21
-4.340357677165354
0
LINE
8
BLACK
6
CONTINUOUS
10
6.0618929921259843
20
-4.340357677165354
11
6.0589147637795273
21
-4.3395596850393696
0
LINE
8
BLACK
6
CONTINUOUS
10
6.0589147637795273
20
-4.3395596850393696
11
6.0562445669291334
21
-4.3380180314960626
0
LINE
8
BLACK
6
CONTINUOUS
10
6.0562445669291334
20
-4.3380180314960626
11
6.0540643307086617
21
-4.3358377952755909
0
LINE
8
BLACK
6
CONTINUOUS
10
6.0540643307086617
20
-4.3358377952755909
11
6.0535351574803151
21
-4.3349212598425195
0
LINE
8
BLACK
6
CONTINUOUS
10
6.0535351574803151
20
-4.3349212598425195
11
5.940680236220472
21
-4.3349212598425195
0
LINE
8
BLACK
6
CONTINUOUS
10
5.940680236220472
20
-4.3349212598425195
11
5.9393703149606294
21
-4.3371900787401572
0
LINE
8
BLACK
6
CONTINUOUS
10
5.9393703149606294
20
-4.3371900787401572
11
5.9371900787401577
21
-4.3393703149606297
0
LINE
8
BLACK
6
CONTINUOUS
10
5.9371900787401577
20
-4.3393703149606297
11
5.9345198818897638
21
-4.3409119685039368
0
LINE
8
BLACK
6
CONTINUOUS
10
5.9345198818897638
20
-4.3409119685039368
11
5.9315416535433068
21
-4.3417099606299212
0
LINE
8
BLACK
6
CONTINUOUS
10
5.9315416535433068
20
-4.3417099606299212
11
5.9284583464566927
21
-4.3417099606299212
0
LINE
8
BLACK
6
CONTINUOUS
10
5.9284583464566927
20
-4.3417099606299212
11
5.9254801181102357
21
-4.3409119685039368
0
LINE
8
BLACK
6
CONTINUOUS
10
5.9254801181102357
20
-4.3409119685039368
11
5.9228099212598426
21
-4.3393703149606297
0
LINE
8
BLACK
6
CONTINUOUS
10
5.9228099212598426
20
-4.3393703149606297
11
5.92062968503937
21
-4.3371900787401572
0
LINE
8
BLACK
6
CONTINUOUS
10
5.92062968503937
20
-4.3371900787401572
11
5.919088031496063
21
-4.3345198818897641
0
LINE
8
BLACK
6
CONTINUOUS
10
5.919088031496063
20
-4.3345198818897641
11
5.9182900393700786
21
-4.3315416535433071
0
LINE
8
BLACK
6
CONTINUOUS
10
5.9182900393700786
20
-4.3315416535433071
11
5.9182900393700786
21
-4.328458346456693
0
LINE
8
BLACK
6
CONTINUOUS
10
5.9182900393700786
20
-4.328458346456693
11
5.919088031496063
21
-4.325480118110236
0
LINE
8
BLACK
6
CONTINUOUS
10
5.919088031496063
20
-4.325480118110236
11
5.92062968503937
21
-4.3228099212598421
0
LINE
8
BLACK
6
CONTINUOUS
10
5.92062968503937
20
-4.3228099212598421
11
5.9228099212598426
21
-4.3206296850393704
0
LINE
8
BLACK
6
CONTINUOUS
10
5.9228099212598426
20
-4.3206296850393704
11
5.9254801181102357
21
-4.3190880314960625
0
LINE
8
BLACK
6
CONTINUOUS
10
5.9254801181102357
20
-4.3190880314960625
11
5.9284583464566927
21
-4.3182900393700789
0
LINE
8
BLACK
6
CONTINUOUS
10
5.9284583464566927
20
-4.3182900393700789
11
5.9315416535433068
21
-4.3182900393700789
0
LINE
8
BLACK
6
CONTINUOUS
10
5.9315416535433068
20
-4.3182900393700789
11
5.9345198818897638
21
-4.3190880314960625
0
LINE
8
BLACK
6
CONTINUOUS
10
5.9345198818897638
20
-4.3190880314960625
11
5.9371900787401577
21
-4.3206296850393704
0
LINE
8
BLACK
6
CONTINUOUS
10
5.9371900787401577
20
-4.3206296850393704
11
5.9393703149606294
21
-4.3228099212598421
0
LINE
8
BLACK
6
CONTINUOUS
10
5.9393703149606294
20
-4.3228099212598421
11
5.940680236220472
21
-4.3250787401574806
0
LINE
8
BLACK
6
CONTINUOUS
10
5.940680236220472
20
-4.3250787401574806
11
6.0522678740157483
21
-4.3250787401574806
0
LINE
8
BLACK
6
CONTINUOUS
10
6.0522678740157483
20
-4.3250787401574806
11
6.0525226771653546
21
-4.3241278346456689
0
LINE
8
BLACK
6
CONTINUOUS
10
6.0525226771653546
20
-4.3241278346456689
11
6.0540643307086617
21
-4.3214576377952758
0
LINE
8
BLACK
6
CONTINUOUS
10
6.0540643307086617
20
-4.3214576377952758
11
6.0562445669291334
21
-4.3192774015748032
0
LINE
8
BLACK
6
CONTINUOUS
10
6.0562445669291334
20
-4.3192774015748032
11
6.0589147637795273
21
-4.3177357480314962
0
LINE
8
BLACK
6
CONTINUOUS
10
6.0589147637795273
20
-4.3177357480314962
11
6.0618929921259843
21
-4.3169377559055118
0
LINE
8
BLACK
6
CONTINUOUS
10
6.0618929921259843
20
-4.3169377559055118
11
6.0649762992125984
21
-4.3169377559055118
0
LINE
8
BLACK
6
CONTINUOUS
10
6.0649762992125984
20
-4.3169377559055118
11
6.0679545275590554
21
-4.3177357480314962
0
LINE
8
BLACK
6
CONTINUOUS
10
6.1195198818897634
20
-4.2890881889763781
11
6.1221900787401573
21
-4.2906298425196852
0
LINE
8
BLACK
6
CONTINUOUS
10
6.1221900787401573
20
-4.2906298425196852
11
6.1243703149606299
21
-4.2928100787401577
0
LINE
8
BLACK
6
CONTINUOUS
10
6.1243703149606299
20
-4.2928100787401577
11
6.1259119685039369
21
-4.2954802755905508
0
LINE
8
BLACK
6
CONTINUOUS
10
6.1259119685039369
20
-4.2954802755905508
11
6.1267099606299213
21
-4.2984585039370078
0
LINE
8
BLACK
6
CONTINUOUS
10
6.1267099606299213
20
-4.2984585039370078
11
6.1267099606299213
21
-4.3015418110236219
0
LINE
8
BLACK
6
CONTINUOUS
10
6.1267099606299213
20
-4.3015418110236219
11
6.1259119685039369
21
-4.3045200393700789
0
LINE
8
BLACK
6
CONTINUOUS
10
6.1259119685039369
20
-4.3045200393700789
11
6.1243703149606299
21
-4.3071902362204719
0
LINE
8
BLACK
6
CONTINUOUS
10
6.1243703149606299
20
-4.3071902362204719
11
6.1221900787401573
21
-4.3093704724409445
0
LINE
8
BLACK
6
CONTINUOUS
10
6.1221900787401573
20
-4.3093704724409445
11
6.1195198818897634
21
-4.3109121259842516
0
LINE
8
BLACK
6
CONTINUOUS
10
6.1195198818897634
20
-4.3109121259842516
11
6.1165416535433073
21
-4.311710118110236
0
LINE
8
BLACK
6
CONTINUOUS
10
6.1165416535433073
20
-4.311710118110236
11
6.1134583464566932
21
-4.311710118110236
0
LINE
8
BLACK
6
CONTINUOUS
10
6.1134583464566932
20
-4.311710118110236
11
6.1104801181102362
21
-4.3109121259842516
0
LINE
8
BLACK
6
CONTINUOUS
10
6.1104801181102362
20
-4.3109121259842516
11
6.1078099212598422
21
-4.3093704724409445
0
LINE
8
BLACK
6
CONTINUOUS
10
6.1078099212598422
20
-4.3093704724409445
11
6.1056296850393696
21
-4.3071902362204719
0
LINE
8
BLACK
6
CONTINUOUS
10
6.1056296850393696
20
-4.3071902362204719
11
6.1043196850393695
21
-4.3049212598425193
0
LINE
8
BLACK
6
CONTINUOUS
10
6.1043196850393695
20
-4.3049212598425193
11
5.8670723622047243
21
-4.3049212598425193
0
LINE
8
BLACK
6
CONTINUOUS
10
5.8670723622047243
20
-4.3049212598425193
11
5.8669119685039366
21
-4.3055198818897633
0
LINE
8
BLACK
6
CONTINUOUS
10
5.8669119685039366
20
-4.3055198818897633
11
5.8653703149606295
21
-4.3081900787401572
0
LINE
8
BLACK
6
CONTINUOUS
10
5.8653703149606295
20
-4.3081900787401572
11
5.863190078740157
21
-4.3103703149606298
0
LINE
8
BLACK
6
CONTINUOUS
10
5.863190078740157
20
-4.3103703149606298
11
5.8605198818897639
21
-4.3119119685039369
0
LINE
8
BLACK
6
CONTINUOUS
10
5.8605198818897639
20
-4.3119119685039369
11
5.8575416535433069
21
-4.3127099606299213
0
LINE
8
BLACK
6
CONTINUOUS
10
5.8575416535433069
20
-4.3127099606299213
11
5.8544583464566928
21
-4.3127099606299213
0
LINE
8
BLACK
6
CONTINUOUS
10
5.8544583464566928
20
-4.3127099606299213
11
5.8514801181102358
21
-4.3119119685039369
0
LINE
8
BLACK
6
CONTINUOUS
10
5.8514801181102358
20
-4.3119119685039369
11
5.8488099212598428
21
-4.3103703149606298
0
LINE
8
BLACK
6
CONTINUOUS
10
5.8488099212598428
20
-4.3103703149606298
11
5.8466296850393702
21
-4.3081900787401572
0
LINE
8
BLACK
6
CONTINUOUS
10
5.8466296850393702
20
-4.3081900787401572
11
5.8450880314960632
21
-4.3055198818897633
0
LINE
8
BLACK
6
CONTINUOUS
10
5.8450880314960632
20
-4.3055198818897633
11
5.8442900393700787
21
-4.3025416535433072
0
LINE
8
BLACK
6
CONTINUOUS
10
5.8442900393700787
20
-4.3025416535433072
11
5.8442900393700787
21
-4.2994583464566931
0
LINE
8
BLACK
6
CONTINUOUS
10
5.8442900393700787
20
-4.2994583464566931
11
5.8450880314960632
21
-4.2964801181102361
0
LINE
8
BLACK
6
CONTINUOUS
10
5.8450880314960632
20
-4.2964801181102361
11
5.8466296850393702
21
-4.2938099212598422
0
LINE
8
BLACK
6
CONTINUOUS
10
5.8466296850393702
20
-4.2938099212598422
11
5.8488099212598428
21
-4.2916296850393696
0
LINE
8
BLACK
6
CONTINUOUS
10
5.8488099212598428
20
-4.2916296850393696
11
5.8514801181102358
21
-4.2900880314960625
0
LINE
8
BLACK
6
CONTINUOUS
10
5.8514801181102358
20
-4.2900880314960625
11
5.8544583464566928
21
-4.289290039370079
0
LINE
8
BLACK
6
CONTINUOUS
10
5.8544583464566928
20
-4.289290039370079
11
5.8575416535433069
21
-4.289290039370079
0
LINE
8
BLACK
6
CONTINUOUS
10
5.8575416535433069
20
-4.289290039370079
11
5.8605198818897639
21
-4.2900880314960625
0
LINE
8
BLACK
6
CONTINUOUS
10
5.8605198818897639
20
-4.2900880314960625
11
5.863190078740157
21
-4.2916296850393696
0
LINE
8
BLACK
6
CONTINUOUS
10
5.863190078740157
20
-4.2916296850393696
11
5.8653703149606295
21
-4.2938099212598422
0
LINE
8
BLACK
6
CONTINUOUS
10
5.8653703149606295
20
-4.2938099212598422
11
5.8661028740157475
21
-4.2950787401574804
0
LINE
8
BLACK
6
CONTINUOUS
10
5.8661028740157475
20
-4.2950787401574804
11
6.1043198425196845
21
-4.2950787401574804
0
LINE
8
BLACK
6
CONTINUOUS
10
6.1043198425196845
20
-4.2950787401574804
11
6.1056296850393696
21
-4.2928100787401577
0
LINE
8
BLACK
6
CONTINUOUS
10
6.1056296850393696
20
-4.2928100787401577
11
6.1078099212598422
21
-4.2906298425196852
0
LINE
8
BLACK
6
CONTINUOUS
10
6.1078099212598422
20
-4.2906298425196852
11
6.1104801181102362
21
-4.2890881889763781
0
LINE
8
BLACK
6
CONTINUOUS
10
6.1104801181102362
20
-4.2890881889763781
11
6.1134583464566932
21
-4.2882901968503937
0
LINE
8
BLACK
6
CONTINUOUS
10
6.1134583464566932
20
-4.2882901968503937
11
6.1165416535433073
21
-4.2882901968503937
0
LINE
8
BLACK
6
CONTINUOUS
10
6.1165416535433073
20
-4.2882901968503937
11
6.1195198818897634
21
-4.2890881889763781
0
LINE
8
BLACK
6
CONTINUOUS
10
7.1499766535433071
20
-4.5646589763779524
11
7.157321023622047
21
-4.5670453149606294
0
LINE
8
BLACK
6
CONTINUOUS
10
7.157321023622047
20
-4.5670453149606294
11
7.1642016929133856
21
-4.5705511811023625
0
LINE
8
BLACK
6
CONTINUOUS
10
7.1642016929133856
20
-4.5705511811023625
11
7.1704492125984247
21
-4.5750902755905507
0
LINE
8
BLACK
6
CONTINUOUS
10
7.1704492125984247
20
-4.5750902755905507
11
7.1759097244094487
21
-4.5805507874015747
0
LINE
8
BLACK
6
CONTINUOUS
10
7.1759097244094487
20
-4.5805507874015747
11
7.1804488188976379
21
-4.5867983070866138
0
LINE
8
BLACK
6
CONTINUOUS
10
7.1804488188976379
20
-4.5867983070866138
11
7.1839546850393701
21
-4.5936789763779524
0
LINE
8
BLACK
6
CONTINUOUS
10
7.1839546850393701
20
-4.5936789763779524
11
7.1863410236220471
21
-4.6010233464566932
0
LINE
8
BLACK
6
CONTINUOUS
10
7.1863410236220471
20
-4.6010233464566932
11
7.1875490944881886
21
-4.60865062992126
0
LINE
8
BLACK
6
CONTINUOUS
10
7.1875490944881886
20
-4.60865062992126
11
7.1875490944881886
21
-4.6163729921259842
0
LINE
8
BLACK
6
CONTINUOUS
10
7.1875490944881886
20
-4.6163729921259842
11
7.1863410236220471
21
-4.6240002755905509
0
LINE
8
BLACK
6
CONTINUOUS
10
7.1863410236220471
20
-4.6240002755905509
11
7.1839546850393701
21
-4.6313446456692908
0
LINE
8
BLACK
6
CONTINUOUS
10
7.1839546850393701
20
-4.6313446456692908
11
7.1804488188976379
21
-4.6382253149606294
0
LINE
8
BLACK
6
CONTINUOUS
10
7.1804488188976379
20
-4.6382253149606294
11
7.1759097244094487
21
-4.6444728346456694
0
LINE
8
BLACK
6
CONTINUOUS
10
7.1759097244094487
20
-4.6444728346456694
11
7.1704492125984247
21
-4.6499333464566925
0
LINE
8
BLACK
6
CONTINUOUS
10
7.1704492125984247
20
-4.6499333464566925
11
7.1642016929133856
21
-4.6544724409448817
0
LINE
8
BLACK
6
CONTINUOUS
10
7.1642016929133856
20
-4.6544724409448817
11
7.157321023622047
21
-4.6579783070866139
0
LINE
8
BLACK
6
CONTINUOUS
10
7.157321023622047
20
-4.6579783070866139
11
7.1499766535433071
21
-4.6603646456692909
0
LINE
8
BLACK
6
CONTINUOUS
10
7.1499766535433071
20
-4.6603646456692909
11
7.1423493700787404
21
-4.6615727165354333
0
LINE
8
BLACK
6
CONTINUOUS
10
7.1423493700787404
20
-4.6615727165354333
11
7.1346270078740153
21
-4.6615727165354333
0
LINE
8
BLACK
6
CONTINUOUS
10
7.1346270078740153
20
-4.6615727165354333
11
7.1269997244094485
21
-4.6603646456692909
0
LINE
8
BLACK
6
CONTINUOUS
10
7.1269997244094485
20
-4.6603646456692909
11
7.1196553543307086
21
-4.6579783070866139
0
LINE
8
BLACK
6
CONTINUOUS
10
7.1196553543307086
20
-4.6579783070866139
11
7.11277468503937
21
-4.6544724409448817
0
LINE
8
BLACK
6
CONTINUOUS
10
7.11277468503937
20
-4.6544724409448817
11
7.1065271653543309
21
-4.6499333464566925
0
LINE
8
BLACK
6
CONTINUOUS
10
7.1065271653543309
20
-4.6499333464566925
11
7.1010666535433069
21
-4.6444728346456694
0
LINE
8
BLACK
6
CONTINUOUS
10
7.1010666535433069
20
-4.6444728346456694
11
7.0965275590551178
21
-4.6382253149606294
0
LINE
8
BLACK
6
CONTINUOUS
10
7.0965275590551178
20
-4.6382253149606294
11
7.0930216929133856
21
-4.6313446456692908
0
LINE
8
BLACK
6
CONTINUOUS
10
7.0930216929133856
20
-4.6313446456692908
11
7.0906353543307086
21
-4.6240002755905509
0
LINE
8
BLACK
6
CONTINUOUS
10
7.0906353543307086
20
-4.6240002755905509
11
7.0894272834645671
21
-4.6163729921259842
0
LINE
8
BLACK
6
CONTINUOUS
10
7.0894272834645671
20
-4.6163729921259842
11
7.0894272834645671
21
-4.60865062992126
0
LINE
8
BLACK
6
CONTINUOUS
10
7.0894272834645671
20
-4.60865062992126
11
7.0906353543307086
21
-4.6010233464566932
0
LINE
8
BLACK
6
CONTINUOUS
10
7.0906353543307086
20
-4.6010233464566932
11
7.0930216929133856
21
-4.5936789763779524
0
LINE
8
BLACK
6
CONTINUOUS
10
7.0930216929133856
20
-4.5936789763779524
11
7.0965275590551178
21
-4.5867983070866138
0
LINE
8
BLACK
6
CONTINUOUS
10
7.0965275590551178
20
-4.5867983070866138
11
7.1010666535433069
21
-4.5805507874015747
0
LINE
8
BLACK
6
CONTINUOUS
10
7.1010666535433069
20
-4.5805507874015747
11
7.1065271653543309
21
-4.5750902755905507
0
LINE
8
BLACK
6
CONTINUOUS
10
7.1065271653543309
20
-4.5750902755905507
11
7.11277468503937
21
-4.5705511811023625
0
LINE
8
BLACK
6
CONTINUOUS
10
7.11277468503937
20
-4.5705511811023625
11
7.1196553543307086
21
-4.5670453149606294
0
LINE
8
BLACK
6
CONTINUOUS
10
7.1196553543307086
20
-4.5670453149606294
11
7.1269997244094485
21
-4.5646589763779524
0
LINE
8
BLACK
6
CONTINUOUS
10
7.1269997244094485
20
-4.5646589763779524
11
7.1346270078740153
21
-4.5634509055118109
0
LINE
8
BLACK
6
CONTINUOUS
10
7.1346270078740153
20
-4.5634509055118109
11
7.1423493700787404
21
-4.5634509055118109
0
LINE
8
BLACK
6
CONTINUOUS
10
7.1423493700787404
20
-4.5634509055118109
11
7.1499766535433071
21
-4.5646589763779524
0
LINE
8
BLACK
6
CONTINUOUS
10
6.057519881889764
20
-4.4480880314960629
11
6.060190078740157
21
-4.44962968503937
0
LINE
8
BLACK
6
CONTINUOUS
10
6.060190078740157
20
-4.44962968503937
11
6.0623703149606296
21
-4.4518099212598425
0
LINE
8
BLACK
6
CONTINUOUS
10
6.0623703149606296
20
-4.4518099212598425
11
6.0639119685039367
21
-4.4544801181102365
0
LINE
8
BLACK
6
CONTINUOUS
10
6.0639119685039367
20
-4.4544801181102365
11
6.0647099606299211
21
-4.4574583464566926
0
LINE
8
BLACK
6
CONTINUOUS
10
6.0647099606299211
20
-4.4574583464566926
11
6.0647099606299211
21
-4.4605416535433067
0
LINE
8
BLACK
6
CONTINUOUS
10
6.0647099606299211
20
-4.4605416535433067
11
6.0639119685039367
21
-4.4635198818897637
0
LINE
8
BLACK
6
CONTINUOUS
10
6.0639119685039367
20
-4.4635198818897637
11
6.0623703149606296
21
-4.4661900787401576
0
LINE
8
BLACK
6
CONTINUOUS
10
6.0623703149606296
20
-4.4661900787401576
11
6.060190078740157
21
-4.4683703149606302
0
LINE
8
BLACK
6
CONTINUOUS
10
6.060190078740157
20
-4.4683703149606302
11
6.057519881889764
21
-4.4699119685039372
0
LINE
8
BLACK
6
CONTINUOUS
10
6.057519881889764
20
-4.4699119685039372
11
6.054541653543307
21
-4.4707099606299208
0
LINE
8
BLACK
6
CONTINUOUS
10
6.054541653543307
20
-4.4707099606299208
11
6.0514583464566929
21
-4.4707099606299208
0
LINE
8
BLACK
6
CONTINUOUS
10
6.0514583464566929
20
-4.4707099606299208
11
6.0489277952755902
21
-4.4700318897637796
0
LINE
8
BLACK
6
CONTINUOUS
10
6.0489277952755902
20
-4.4700318897637796
11
6.0106237795275588
21
-4.5083359055118111
0
LINE
8
BLACK
6
CONTINUOUS
10
6.0106237795275588
20
-4.5083359055118111
11
6.0098782283464569
21
-4.5089477165354328
0
LINE
8
BLACK
6
CONTINUOUS
10
6.0098782283464569
20
-4.5089477165354328
11
6.0098780314960631
21
-4.5089479527559053
0
LINE
8
BLACK
6
CONTINUOUS
10
6.0098780314960631
20
-4.5089479527559053
11
6.0088447244094487
21
-4.5093759448818895
0
LINE
8
BLACK
6
CONTINUOUS
10
6.0088447244094487
20
-4.5093759448818895
11
6.0081040551181104
21
-4.5096827559055113
0
LINE
8
BLACK
6
CONTINUOUS
10
6.0081040551181104
20
-4.5096827559055113
11
6.0081040157480317
21
-4.5096827559055113
0
LINE
8
BLACK
6
CONTINUOUS
10
6.0081040157480317
20
-4.5096827559055113
11
6.0071439370078741
21
-4.5097773228346458
0
LINE
8
BLACK
6
CONTINUOUS
10
6.0071439370078741
20
-4.5097773228346458
11
5.9632053149606294
21
-4.5097773228346458
0
LINE
8
BLACK
6
CONTINUOUS
10
5.9632053149606294
20
-4.5097773228346458
11
5.9618953937007877
21
-4.5120461417322835
0
LINE
8
BLACK
6
CONTINUOUS
10
5.9618953937007877
20
-4.5120461417322835
11
5.9597151574803151
21
-4.5142263779527561
0
LINE
8
BLACK
6
CONTINUOUS
10
5.9597151574803151
20
-4.5142263779527561
11
5.9570449606299212
21
-4.5157680314960631
0
LINE
8
BLACK
6
CONTINUOUS
10
5.9570449606299212
20
-4.5157680314960631
11
5.9540667322834642
21
-4.5165660236220475
0
LINE
8
BLACK
6
CONTINUOUS
10
5.9540667322834642
20
-4.5165660236220475
11
5.9509834251968501
21
-4.5165660236220475
0
LINE
8
BLACK
6
CONTINUOUS
10
5.9509834251968501
20
-4.5165660236220475
11
5.948005196850394
21
-4.5157680314960631
0
LINE
8
BLACK
6
CONTINUOUS
10
5.948005196850394
20
-4.5157680314960631
11
5.945335
21
-4.5142263779527561
0
LINE
8
BLACK
6
CONTINUOUS
10
5.945335
20
-4.5142263779527561
11
5.9431547637795274
21
-4.5120461417322835
0
LINE
8
BLACK
6
CONTINUOUS
10
5.9431547637795274
20
-4.5120461417322835
11
5.9416131102362204
21
-4.5093759448818895
0
LINE
8
BLACK
6
CONTINUOUS
10
5.9416131102362204
20
-4.5093759448818895
11
5.940815118110236
21
-4.5063977165354325
0
LINE
8
BLACK
6
CONTINUOUS
10
5.940815118110236
20
-4.5063977165354325
11
5.940815118110236
21
-4.5033144094488184
0
LINE
8
BLACK
6
CONTINUOUS
10
5.940815118110236
20
-4.5033144094488184
11
5.9416131102362204
21
-4.5003361811023623
0
LINE
8
BLACK
6
CONTINUOUS
10
5.9416131102362204
20
-4.5003361811023623
11
5.9431547637795274
21
-4.4976659842519684
0
LINE
8
BLACK
6
CONTINUOUS
10
5.9431547637795274
20
-4.4976659842519684
11
5.945335
21
-4.4954857480314958
0
LINE
8
BLACK
6
CONTINUOUS
10
5.945335
20
-4.4954857480314958
11
5.948005196850394
21
-4.4939440944881888
0
LINE
8
BLACK
6
CONTINUOUS
10
5.948005196850394
20
-4.4939440944881888
11
5.9509834251968501
21
-4.4931461023622044
0
LINE
8
BLACK
6
CONTINUOUS
10
5.9509834251968501
20
-4.4931461023622044
11
5.9540667322834642
21
-4.4931461023622044
0
LINE
8
BLACK
6
CONTINUOUS
10
5.9540667322834642
20
-4.4931461023622044
11
5.9570449606299212
21
-4.4939440944881888
0
LINE
8
BLACK
6
CONTINUOUS
10
5.9570449606299212
20
-4.4939440944881888
11
5.9597151574803151
21
-4.4954857480314958
0
LINE
8
BLACK
6
CONTINUOUS
10
5.9597151574803151
20
-4.4954857480314958
11
5.9618953937007877
21
-4.4976659842519684
0
LINE
8
BLACK
6
CONTINUOUS
10
5.9618953937007877
20
-4.4976659842519684
11
5.9632053149606294
21
-4.499934803149606
0
LINE
8
BLACK
6
CONTINUOUS
10
5.9632053149606294
20
-4.499934803149606
11
6.0051055118110233
21
-4.499934803149606
0
LINE
8
BLACK
6
CONTINUOUS
10
6.0051055118110233
20
-4.499934803149606
11
6.0419680708661412
21
-4.4630721653543306
0
LINE
8
BLACK
6
CONTINUOUS
10
6.0419680708661412
20
-4.4630721653543306
11
6.0412900393700788
21
-4.4605416535433067
0
LINE
8
BLACK
6
CONTINUOUS
10
6.0412900393700788
20
-4.4605416535433067
11
6.0412900393700788
21
-4.4574583464566926
0
LINE
8
BLACK
6
CONTINUOUS
10
6.0412900393700788
20
-4.4574583464566926
11
6.0420880314960632
21
-4.4544801181102365
0
LINE
8
BLACK
6
CONTINUOUS
10
6.0420880314960632
20
-4.4544801181102365
11
6.0436296850393703
21
-4.4518099212598425
0
LINE
8
BLACK
6
CONTINUOUS
10
6.0436296850393703
20
-4.4518099212598425
11
6.045809921259842
21
-4.44962968503937
0
LINE
8
BLACK
6
CONTINUOUS
10
6.045809921259842
20
-4.44962968503937
11
6.0484801181102359
21
-4.4480880314960629
0
LINE
8
BLACK
6
CONTINUOUS
10
6.0484801181102359
20
-4.4480880314960629
11
6.0514583464566929
21
-4.4472900393700785
0
LINE
8
BLACK
6
CONTINUOUS
10
6.0514583464566929
20
-4.4472900393700785
11
6.054541653543307
21
-4.4472900393700785
0
LINE
8
BLACK
6
CONTINUOUS
10
6.054541653543307
20
-4.4472900393700785
11
6.057519881889764
21
-4.4480880314960629
0
LINE
8
BLACK
6
CONTINUOUS
10
5.8955522047244093
20
-4.4735520078740159
11
5.8982224015748033
21
-4.4750936614173229
0
LINE
8
BLACK
6
CONTINUOUS
10
5.8982224015748033
20
-4.4750936614173229
11
5.9004026377952759
21
-4.4772738976377955
0
LINE
8
BLACK
6
CONTINUOUS
10
5.9004026377952759
20
-4.4772738976377955
11
5.9019442913385829
21
-4.4799440944881885
0
LINE
8
BLACK
6
CONTINUOUS
10
5.9019442913385829
20
-4.4799440944881885
11
5.9027422834645664
21
-4.4829223228346455
0
LINE
8
BLACK
6
CONTINUOUS
10
5.9027422834645664
20
-4.4829223228346455
11
5.9027422834645664
21
-4.4860056299212596
0
LINE
8
BLACK
6
CONTINUOUS
10
5.9027422834645664
20
-4.4860056299212596
11
5.9019442913385829
21
-4.4889838582677166
0
LINE
8
BLACK
6
CONTINUOUS
10
5.9019442913385829
20
-4.4889838582677166
11
5.9004026377952759
21
-4.4916540551181106
0
LINE
8
BLACK
6
CONTINUOUS
10
5.9004026377952759
20
-4.4916540551181106
11
5.8982224015748033
21
-4.4938342913385823
0
LINE
8
BLACK
6
CONTINUOUS
10
5.8982224015748033
20
-4.4938342913385823
11
5.8955522047244093
21
-4.4953759448818893
0
LINE
8
BLACK
6
CONTINUOUS
10
5.8955522047244093
20
-4.4953759448818893
11
5.8925739763779523
21
-4.4961739370078737
0
LINE
8
BLACK
6
CONTINUOUS
10
5.8925739763779523
20
-4.4961739370078737
11
5.8894906692913382
21
-4.4961739370078737
0
LINE
8
BLACK
6
CONTINUOUS
10
5.8894906692913382
20
-4.4961739370078737
11
5.8869600787401577
21
-4.4954958661417326
0
LINE
8
BLACK
6
CONTINUOUS
10
5.8869600787401577
20
-4.4954958661417326
11
5.8755625590551182
21
-4.50689342519685
0
LINE
8
BLACK
6
CONTINUOUS
10
5.8755625590551182
20
-4.50689342519685
11
5.8748170078740154
21
-4.5075052362204726
0
LINE
8
BLACK
6
CONTINUOUS
10
5.8748170078740154
20
-4.5075052362204726
11
5.8748168110236216
21
-4.5075054724409451
0
LINE
8
BLACK
6
CONTINUOUS
10
5.8748168110236216
20
-4.5075054724409451
11
5.8737835039370081
21
-4.5079334645669293
0
LINE
8
BLACK
6
CONTINUOUS
10
5.8737835039370081
20
-4.5079334645669293
11
5.8730428346456689
21
-4.5082402755905511
0
LINE
8
BLACK
6
CONTINUOUS
10
5.8730428346456689
20
-4.5082402755905511
11
5.8730427952755901
21
-4.5082402755905511
0
LINE
8
BLACK
6
CONTINUOUS
10
5.8730427952755901
20
-4.5082402755905511
11
5.8720827165354326
21
-4.5083348425196847
0
LINE
8
BLACK
6
CONTINUOUS
10
5.8720827165354326
20
-4.5083348425196847
11
5.7942550393700785
21
-4.5083348425196847
0
LINE
8
BLACK
6
CONTINUOUS
10
5.7942550393700785
20
-4.5083348425196847
11
5.7929451181102358
21
-4.5106036614173224
0
LINE
8
BLACK
6
CONTINUOUS
10
5.7929451181102358
20
-4.5106036614173224
11
5.7907648818897632
21
-4.512783897637795
0
LINE
8
BLACK
6
CONTINUOUS
10
5.7907648818897632
20
-4.512783897637795
11
5.7880946850393702
21
-4.514325551181102
0
LINE
8
BLACK
6
CONTINUOUS
10
5.7880946850393702
20
-4.514325551181102
11
5.7851164566929132
21
-4.5151235433070864
0
LINE
8
BLACK
6
CONTINUOUS
10
5.7851164566929132
20
-4.5151235433070864
11
5.7820331496062991
21
-4.5151235433070864
0
LINE
8
BLACK
6
CONTINUOUS
10
5.7820331496062991
20
-4.5151235433070864
11
5.7790549212598421
21
-4.514325551181102
0
LINE
8
BLACK
6
CONTINUOUS
10
5.7790549212598421
20
-4.514325551181102
11
5.7763847244094491
21
-4.512783897637795
0
LINE
8
BLACK
6
CONTINUOUS
10
5.7763847244094491
20
-4.512783897637795
11
5.7742044881889765
21
-4.5106036614173224
0
LINE
8
BLACK
6
CONTINUOUS
10
5.7742044881889765
20
-4.5106036614173224
11
5.7726628346456694
21
-4.5079334645669293
0
LINE
8
BLACK
6
CONTINUOUS
10
5.7726628346456694
20
-4.5079334645669293
11
5.771864842519685
21
-4.5049552362204723
0
LINE
8
BLACK
6
CONTINUOUS
10
5.771864842519685
20
-4.5049552362204723
11
5.771864842519685
21
-4.5018719291338583
0
LINE
8
BLACK
6
CONTINUOUS
10
5.771864842519685
20
-4.5018719291338583
11
5.7726628346456694
21
-4.4988937007874013
0
LINE
8
BLACK
6
CONTINUOUS
10
5.7726628346456694
20
-4.4988937007874013
11
5.7742044881889765
21
-4.4962235039370082
0
LINE
8
BLACK
6
CONTINUOUS
10
5.7742044881889765
20
-4.4962235039370082
11
5.7763847244094491
21
-4.4940432677165356
0
LINE
8
BLACK
6
CONTINUOUS
10
5.7763847244094491
20
-4.4940432677165356
11
5.7790549212598421
21
-4.4925016141732286
0
LINE
8
BLACK
6
CONTINUOUS
10
5.7790549212598421
20
-4.4925016141732286
11
5.7820331496062991
21
-4.4917036220472442
0
LINE
8
BLACK
6
CONTINUOUS
10
5.7820331496062991
20
-4.4917036220472442
11
5.7851164566929132
21
-4.4917036220472442
0
LINE
8
BLACK
6
CONTINUOUS
10
5.7851164566929132
20
-4.4917036220472442
11
5.7880946850393702
21
-4.4925016141732286
0
LINE
8
BLACK
6
CONTINUOUS
10
5.7880946850393702
20
-4.4925016141732286
11
5.7907648818897632
21
-4.4940432677165356
0
LINE
8
BLACK
6
CONTINUOUS
10
5.7907648818897632
20
-4.4940432677165356
11
5.7929451181102358
21
-4.4962235039370082
0
LINE
8
BLACK
6
CONTINUOUS
10
5.7929451181102358
20
-4.4962235039370082
11
5.7942550393700785
21
-4.4984923228346458
0
LINE
8
BLACK
6
CONTINUOUS
10
5.7942550393700785
20
-4.4984923228346458
11
5.8700442913385826
21
-4.4984923228346458
0
LINE
8
BLACK
6
CONTINUOUS
10
5.8700442913385826
20
-4.4984923228346458
11
5.8800003937007874
21
-4.4885361811023623
0
LINE
8
BLACK
6
CONTINUOUS
10
5.8800003937007874
20
-4.4885361811023623
11
5.8793223622047242
21
-4.4860056299212596
0
LINE
8
BLACK
6
CONTINUOUS
10
5.8793223622047242
20
-4.4860056299212596
11
5.8793223622047242
21
-4.4829223228346455
0
LINE
8
BLACK
6
CONTINUOUS
10
5.8793223622047242
20
-4.4829223228346455
11
5.8801203543307086
21
-4.4799440944881885
0
LINE
8
BLACK
6
CONTINUOUS
10
5.8801203543307086
20
-4.4799440944881885
11
5.8816620078740156
21
-4.4772738976377955
0
LINE
8
BLACK
6
CONTINUOUS
10
5.8816620078740156
20
-4.4772738976377955
11
5.8838422440944882
21
-4.4750936614173229
0
LINE
8
BLACK
6
CONTINUOUS
10
5.8838422440944882
20
-4.4750936614173229
11
5.8865124409448821
21
-4.4735520078740159
0
LINE
8
BLACK
6
CONTINUOUS
10
5.8865124409448821
20
-4.4735520078740159
11
5.8894906692913382
21
-4.4727540157480314
0
LINE
8
BLACK
6
CONTINUOUS
10
5.8894906692913382
20
-4.4727540157480314
11
5.8925739763779523
21
-4.4727540157480314
0
LINE
8
BLACK
6
CONTINUOUS
10
5.8925739763779523
20
-4.4727540157480314
11
5.8955522047244093
21
-4.4735520078740159
0
LINE
8
BLACK
6
CONTINUOUS
10
5.9299075590551178
20
-4.4283370078740161
11
5.9325777559055117
21
-4.4298786614173231
0
LINE
8
BLACK
6
CONTINUOUS
10
5.9325777559055117
20
-4.4298786614173231
11
5.9347579921259843
21
-4.4320588976377948
0
LINE
8
BLACK
6
CONTINUOUS
10
5.9347579921259843
20
-4.4320588976377948
11
5.9362996456692914
21
-4.4347290944881887
0
LINE
8
BLACK
6
CONTINUOUS
10
5.9362996456692914
20
-4.4347290944881887
11
5.9370976377952758
21
-4.4377073228346458
0
LINE
8
BLACK
6
CONTINUOUS
10
5.9370976377952758
20
-4.4377073228346458
11
5.9370976377952758
21
-4.4407906299212598
0
LINE
8
BLACK
6
CONTINUOUS
10
5.9370976377952758
20
-4.4407906299212598
11
5.9362996456692914
21
-4.4437688582677168
0
LINE
8
BLACK
6
CONTINUOUS
10
5.9362996456692914
20
-4.4437688582677168
11
5.9347579921259843
21
-4.4464390551181099
0
LINE
8
BLACK
6
CONTINUOUS
10
5.9347579921259843
20
-4.4464390551181099
11
5.9325777559055117
21
-4.4486192913385825
0
LINE
8
BLACK
6
CONTINUOUS
10
5.9325777559055117
20
-4.4486192913385825
11
5.9299075590551178
21
-4.4501609448818895
0
LINE
8
BLACK
6
CONTINUOUS
10
5.9299075590551178
20
-4.4501609448818895
11
5.9269293307086617
21
-4.4509589370078739
0
LINE
8
BLACK
6
CONTINUOUS
10
5.9269293307086617
20
-4.4509589370078739
11
5.9238460236220467
21
-4.4509589370078739
0
LINE
8
BLACK
6
CONTINUOUS
10
5.9238460236220467
20
-4.4509589370078739
11
5.9208677952755906
21
-4.4501609448818895
0
LINE
8
BLACK
6
CONTINUOUS
10
5.9208677952755906
20
-4.4501609448818895
11
5.9181975984251967
21
-4.4486192913385825
0
LINE
8
BLACK
6
CONTINUOUS
10
5.9181975984251967
20
-4.4486192913385825
11
5.9160173622047241
21
-4.4464390551181099
0
LINE
8
BLACK
6
CONTINUOUS
10
5.9160173622047241
20
-4.4464390551181099
11
5.9147074409448814
21
-4.4441702362204722
0
LINE
8
BLACK
6
CONTINUOUS
10
5.9147074409448814
20
-4.4441702362204722
11
5.8721160629921254
21
-4.4441702362204722
0
LINE
8
BLACK
6
CONTINUOUS
10
5.8721160629921254
20
-4.4441702362204722
11
5.8457562992125984
21
-4.4705299606299214
0
LINE
8
BLACK
6
CONTINUOUS
10
5.8457562992125984
20
-4.4705299606299214
11
5.8464343700787405
21
-4.4730605511811019
0
LINE
8
BLACK
6
CONTINUOUS
10
5.8464343700787405
20
-4.4730605511811019
11
5.8464343700787405
21
-4.476143858267716
0
LINE
8
BLACK
6
CONTINUOUS
10
5.8464343700787405
20
-4.476143858267716
11
5.845636377952756
21
-4.479122086614173
0
LINE
8
BLACK
6
CONTINUOUS
10
5.845636377952756
20
-4.479122086614173
11
5.844094724409449
21
-4.4817922834645669
0
LINE
8
BLACK
6
CONTINUOUS
10
5.844094724409449
20
-4.4817922834645669
11
5.8419144881889764
21
-4.4839725196850395
0
LINE
8
BLACK
6
CONTINUOUS
10
5.8419144881889764
20
-4.4839725196850395
11
5.8392442913385825
21
-4.4855141732283466
0
LINE
8
BLACK
6
CONTINUOUS
10
5.8392442913385825
20
-4.4855141732283466
11
5.8362660629921255
21
-4.486312165354331
0
LINE
8
BLACK
6
CONTINUOUS
10
5.8362660629921255
20
-4.486312165354331
11
5.8331827559055114
21
-4.486312165354331
0
LINE
8
BLACK
6
CONTINUOUS
10
5.8331827559055114
20
-4.486312165354331
11
5.8302045275590553
21
-4.4855141732283466
0
LINE
8
BLACK
6
CONTINUOUS
10
5.8302045275590553
20
-4.4855141732283466
11
5.8275343307086613
21
-4.4839725196850395
0
LINE
8
BLACK
6
CONTINUOUS
10
5.8275343307086613
20
-4.4839725196850395
11
5.8253540944881887
21
-4.4817922834645669
0
LINE
8
BLACK
6
CONTINUOUS
10
5.8253540944881887
20
-4.4817922834645669
11
5.8238124409448817
21
-4.479122086614173
0
LINE
8
BLACK
6
CONTINUOUS
10
5.8238124409448817
20
-4.479122086614173
11
5.8230144488188973
21
-4.476143858267716
0
LINE
8
BLACK
6
CONTINUOUS
10
5.8230144488188973
20
-4.476143858267716
11
5.8230144488188973
21
-4.4730605511811019
0
LINE
8
BLACK
6
CONTINUOUS
10
5.8230144488188973
20
-4.4730605511811019
11
5.8238124409448817
21
-4.4700823228346458
0
LINE
8
BLACK
6
CONTINUOUS
10
5.8238124409448817
20
-4.4700823228346458
11
5.8253540944881887
21
-4.4674121259842519
0
LINE
8
BLACK
6
CONTINUOUS
10
5.8253540944881887
20
-4.4674121259842519
11
5.8275343307086613
21
-4.4652318897637793
0
LINE
8
BLACK
6
CONTINUOUS
10
5.8275343307086613
20
-4.4652318897637793
11
5.8302045275590553
21
-4.4636902362204722
0
LINE
8
BLACK
6
CONTINUOUS
10
5.8302045275590553
20
-4.4636902362204722
11
5.8331827559055114
21
-4.4628922440944878
0
LINE
8
BLACK
6
CONTINUOUS
10
5.8331827559055114
20
-4.4628922440944878
11
5.8362660629921255
21
-4.4628922440944878
0
LINE
8
BLACK
6
CONTINUOUS
10
5.8362660629921255
20
-4.4628922440944878
11
5.8387966141732281
21
-4.4635702755905511
0
LINE
8
BLACK
6
CONTINUOUS
10
5.8387966141732281
20
-4.4635702755905511
11
5.8665977952755908
21
-4.4357691338582672
0
LINE
8
BLACK
6
CONTINUOUS
10
5.8665977952755908
20
-4.4357691338582672
11
5.8673433070866139
21
-4.4351572834645667
0
LINE
8
BLACK
6
CONTINUOUS
10
5.8673433070866139
20
-4.4351572834645667
11
5.8673435433070864
21
-4.435157086614173
0
LINE
8
BLACK
6
CONTINUOUS
10
5.8673435433070864
20
-4.435157086614173
11
5.8685979133858268
21
-4.4346374803149606
0
LINE
8
BLACK
6
CONTINUOUS
10
5.8685979133858268
20
-4.4346374803149606
11
5.8691175196850391
21
-4.434422283464567
0
LINE
8
BLACK
6
CONTINUOUS
10
5.8691175196850391
20
-4.434422283464567
11
5.8691175590551179
21
-4.434422283464567
0
LINE
8
BLACK
6
CONTINUOUS
10
5.8691175590551179
20
-4.434422283464567
11
5.8700776377952755
21
-4.4343277165354333
0
LINE
8
BLACK
6
CONTINUOUS
10
5.8700776377952755
20
-4.4343277165354333
11
5.9147074409448814
21
-4.4343277165354333
0
LINE
8
BLACK
6
CONTINUOUS
10
5.9147074409448814
20
-4.4343277165354333
11
5.9160173622047241
21
-4.4320588976377948
0
LINE
8
BLACK
6
CONTINUOUS
10
5.9160173622047241
20
-4.4320588976377948
11
5.9181975984251967
21
-4.4298786614173231
0
LINE
8
BLACK
6
CONTINUOUS
10
5.9181975984251967
20
-4.4298786614173231
11
5.9208677952755906
21
-4.4283370078740161
0
LINE
8
BLACK
6
CONTINUOUS
10
5.9208677952755906
20
-4.4283370078740161
11
5.9238460236220467
21
-4.4275390157480317
0
LINE
8
BLACK
6
CONTINUOUS
10
5.9238460236220467
20
-4.4275390157480317
11
5.9269293307086617
21
-4.4275390157480317
0
LINE
8
BLACK
6
CONTINUOUS
10
5.9269293307086617
20
-4.4275390157480317
11
5.9299075590551178
21
-4.4283370078740161
0
LINE
8
BLACK
6
CONTINUOUS
10
6.0166306299212593
20
-4.4283755905511812
11
6.0193008267716532
21
-4.4299172440944883
0
LINE
8
BLACK
6
CONTINUOUS
10
6.0193008267716532
20
-4.4299172440944883
11
6.0214810629921258
21
-4.4320974803149609
0
LINE
8
BLACK
6
CONTINUOUS
10
6.0214810629921258
20
-4.4320974803149609
11
6.0230227165354329
21
-4.4347676771653539
0
LINE
8
BLACK
6
CONTINUOUS
10
6.0230227165354329
20
-4.4347676771653539
11
6.0238207086614173
21
-4.4377459055118109
0
LINE
8
BLACK
6
CONTINUOUS
10
6.0238207086614173
20
-4.4377459055118109
11
6.0238207086614173
21
-4.440829212598425
0
LINE
8
BLACK
6
CONTINUOUS
10
6.0238207086614173
20
-4.440829212598425
11
6.0230227165354329
21
-4.443807440944882
0
LINE
8
BLACK
6
CONTINUOUS
10
6.0230227165354329
20
-4.443807440944882
11
6.0214810629921258
21
-4.4464776377952751
0
LINE
8
BLACK
6
CONTINUOUS
10
6.0214810629921258
20
-4.4464776377952751
11
6.0193008267716532
21
-4.4486578740157476
0
LINE
8
BLACK
6
CONTINUOUS
10
6.0193008267716532
20
-4.4486578740157476
11
6.0166306299212593
21
-4.4501995275590547
0
LINE
8
BLACK
6
CONTINUOUS
10
6.0166306299212593
20
-4.4501995275590547
11
6.0136524015748032
21
-4.4509975196850391
0
LINE
8
BLACK
6
CONTINUOUS
10
6.0136524015748032
20
-4.4509975196850391
11
6.0105690944881891
21
-4.4509975196850391
0
LINE
8
BLACK
6
CONTINUOUS
10
6.0105690944881891
20
-4.4509975196850391
11
6.0075908661417321
21
-4.4501995275590547
0
LINE
8
BLACK
6
CONTINUOUS
10
6.0075908661417321
20
-4.4501995275590547
11
6.0049206692913382
21
-4.4486578740157476
0
LINE
8
BLACK
6
CONTINUOUS
10
6.0049206692913382
20
-4.4486578740157476
11
6.0027404330708656
21
-4.4464776377952751
0
LINE
8
BLACK
6
CONTINUOUS
10
6.0027404330708656
20
-4.4464776377952751
11
6.0014305118110238
21
-4.4442088188976374
0
LINE
8
BLACK
6
CONTINUOUS
10
6.0014305118110238
20
-4.4442088188976374
11
5.988728779527559
21
-4.4442088188976374
0
LINE
8
BLACK
6
CONTINUOUS
10
5.988728779527559
20
-4.4442088188976374
11
5.9690220866141734
21
-4.4639154330708664
0
LINE
8
BLACK
6
CONTINUOUS
10
5.9690220866141734
20
-4.4639154330708664
11
5.9697001574803146
21
-4.4664460236220469
0
LINE
8
BLACK
6
CONTINUOUS
10
5.9697001574803146
20
-4.4664460236220469
11
5.9697001574803146
21
-4.469529330708661
0
LINE
8
BLACK
6
CONTINUOUS
10
5.9697001574803146
20
-4.469529330708661
11
5.9689021653543302
21
-4.472507559055118
0
LINE
8
BLACK
6
CONTINUOUS
10
5.9689021653543302
20
-4.472507559055118
11
5.9673605118110231
21
-4.4751777559055119
0
LINE
8
BLACK
6
CONTINUOUS
10
5.9673605118110231
20
-4.4751777559055119
11
5.9651802755905514
21
-4.4773579921259845
0
LINE
8
BLACK
6
CONTINUOUS
10
5.9651802755905514
20
-4.4773579921259845
11
5.9625100787401575
21
-4.4788996456692916
0
LINE
8
BLACK
6
CONTINUOUS
10
5.9625100787401575
20
-4.4788996456692916
11
5.9595318503937005
21
-4.4796976377952751
0
LINE
8
BLACK
6
CONTINUOUS
10
5.9595318503937005
20
-4.4796976377952751
11
5.9564485433070864
21
-4.4796976377952751
0
LINE
8
BLACK
6
CONTINUOUS
10
5.9564485433070864
20
-4.4796976377952751
11
5.9534703149606294
21
-4.4788996456692916
0
LINE
8
BLACK
6
CONTINUOUS
10
5.9534703149606294
20
-4.4788996456692916
11
5.9508001181102363
21
-4.4773579921259845
0
LINE
8
BLACK
6
CONTINUOUS
10
5.9508001181102363
20
-4.4773579921259845
11
5.9486198818897638
21
-4.4751777559055119
0
LINE
8
BLACK
6
CONTINUOUS
10
5.9486198818897638
20
-4.4751777559055119
11
5.9470782283464567
21
-4.472507559055118
0
LINE
8
BLACK
6
CONTINUOUS
10
5.9470782283464567
20
-4.472507559055118
11
5.9462802362204723
21
-4.469529330708661
0
LINE
8
BLACK
6
CONTINUOUS
10
5.9462802362204723
20
-4.469529330708661
11
5.9462802362204723
21
-4.4664460236220469
0
LINE
8
BLACK
6
CONTINUOUS
10
5.9462802362204723
20
-4.4664460236220469
11
5.9470782283464567
21
-4.4634677952755908
0
LINE
8
BLACK
6
CONTINUOUS
10
5.9470782283464567
20
-4.4634677952755908
11
5.9486198818897638
21
-4.4607975984251969
0
LINE
8
BLACK
6
CONTINUOUS
10
5.9486198818897638
20
-4.4607975984251969
11
5.9508001181102363
21
-4.4586173622047243
0
LINE
8
BLACK
6
CONTINUOUS
10
5.9508001181102363
20
-4.4586173622047243
11
5.9534703149606294
21
-4.4570757086614172
0
LINE
8
BLACK
6
CONTINUOUS
10
5.9534703149606294
20
-4.4570757086614172
11
5.9564485433070864
21
-4.4562777165354328
0
LINE
8
BLACK
6
CONTINUOUS
10
5.9564485433070864
20
-4.4562777165354328
11
5.9595318503937005
21
-4.4562777165354328
0
LINE
8
BLACK
6
CONTINUOUS
10
5.9595318503937005
20
-4.4562777165354328
11
5.9620624015748032
21
-4.4569557480314961
0
LINE
8
BLACK
6
CONTINUOUS
10
5.9620624015748032
20
-4.4569557480314961
11
5.9832104724409447
21
-4.4358076771653545
0
LINE
8
BLACK
6
CONTINUOUS
10
5.9832104724409447
20
-4.4358076771653545
11
5.9839562204724412
21
-4.4351956692913381
0
LINE
8
BLACK
6
CONTINUOUS
10
5.9839562204724412
20
-4.4351956692913381
11
5.9857302362204727
21
-4.4344608661417322
0
LINE
8
BLACK
6
CONTINUOUS
10
5.9857302362204727
20
-4.4344608661417322
11
5.9866903149606294
21
-4.4343662992125985
0
LINE
8
BLACK
6
CONTINUOUS
10
5.9866903149606294
20
-4.4343662992125985
11
6.0014305118110238
21
-4.4343662992125985
0
LINE
8
BLACK
6
CONTINUOUS
10
6.0014305118110238
20
-4.4343662992125985
11
6.0027404330708656
21
-4.4320974803149609
0
LINE
8
BLACK
6
CONTINUOUS
10
6.0027404330708656
20
-4.4320974803149609
11
6.0049206692913382
21
-4.4299172440944883
0
LINE
8
BLACK
6
CONTINUOUS
10
6.0049206692913382
20
-4.4299172440944883
11
6.0075908661417321
21
-4.4283755905511812
0
LINE
8
BLACK
6
CONTINUOUS
10
6.0075908661417321
20
-4.4283755905511812
11
6.0105690944881891
21
-4.4275775984251968
0
LINE
8
BLACK
6
CONTINUOUS
10
6.0105690944881891
20
-4.4275775984251968
11
6.0136524015748032
21
-4.4275775984251968
0
LINE
8
BLACK
6
CONTINUOUS
10
6.0136524015748032
20
-4.4275775984251968
11
6.0166306299212593
21
-4.4283755905511812
0
LINE
8
BLACK
6
CONTINUOUS
10
7.4533709055118109
20
-3.9304922047244095
11
7.4552013385826772
21
-3.9326046456692914
0
LINE
8
BLACK
6
CONTINUOUS
10
7.4552013385826772
20
-3.9326046456692914
11
7.4556496062992128
21
-3.9346653543307086
0
LINE
8
BLACK
6
CONTINUOUS
10
7.4556496062992128
20
-3.9346653543307086
11
7.4556496062992128
21
-5.0664370078740157
0
LINE
8
BLACK
6
CONTINUOUS
10
7.4556496062992128
20
-5.0664370078740157
11
7.4548621259842518
21
-5.0691189370078735
0
LINE
8
BLACK
6
CONTINUOUS
10
7.4548621259842518
20
-5.0691189370078735
11
7.45274968503937
21
-5.0709493700787398
0
LINE
8
BLACK
6
CONTINUOUS
10
7.45274968503937
20
-5.0709493700787398
11
7.4506889763779522
21
-5.0713976377952754
0
LINE
8
BLACK
6
CONTINUOUS
10
7.4506889763779522
20
-5.0713976377952754
11
5.3346653543307081
21
-5.0713976377952754
0
LINE
8
BLACK
6
CONTINUOUS
10
5.3346653543307081
20
-5.0713976377952754
11
5.3319834251968503
21
-5.0706101574803144
0
LINE
8
BLACK
6
CONTINUOUS
10
5.3319834251968503
20
-5.0706101574803144
11
5.330152992125984
21
-5.0684977165354326
0
LINE
8
BLACK
6
CONTINUOUS
10
5.330152992125984
20
-5.0684977165354326
11
5.3297047244094484
21
-5.0664370078740157
0
LINE
8
BLACK
6
CONTINUOUS
10
5.3297047244094484
20
-5.0664370078740157
11
5.3297047244094484
21
-4.8425080314960631
0
LINE
8
BLACK
6
CONTINUOUS
10
5.3297047244094484
20
-4.8425080314960631
11
5.3297047244094484
21
-4.4818958661417323
0
LINE
8
BLACK
6
CONTINUOUS
10
5.3297047244094484
20
-4.4818958661417323
11
5.3297047244094484
21
-4.1493368110236224
0
LINE
8
BLACK
6
CONTINUOUS
10
5.3297047244094484
20
-4.1493368110236224
11
5.3297047244094484
21
-4.0193368110236216
0
LINE
8
BLACK
6
CONTINUOUS
10
5.3297047244094484
20
-4.0193368110236216
11
5.3297047244094484
21
-3.9346653543307086
0
LINE
8
BLACK
6
CONTINUOUS
10
5.3297047244094484
20
-3.9346653543307086
11
5.3304922047244094
21
-3.9319834251968504
0
LINE
8
BLACK
6
CONTINUOUS
10
5.3304922047244094
20
-3.9319834251968504
11
5.3326046456692913
21
-3.9301529921259841
0
LINE
8
BLACK
6
CONTINUOUS
10
5.3326046456692913
20
-3.9301529921259841
11
5.3346653543307081
21
-3.9297047244094485
0
LINE
8
BLACK
6
CONTINUOUS
10
5.3346653543307081
20
-3.9297047244094485
11
7.4506889763779522
21
-3.9297047244094485
0
LINE
8
BLACK
6
CONTINUOUS
10
7.4506889763779522
20
-3.9297047244094485
11
7.4533709055118109
21
-3.9304922047244095
0
LINE
8
BLACK
6
CONTINUOUS
10
5.5400964173228342
20
-4.8487162598425195
11
5.5406540157480313
21
-4.851519488188976
0
LINE
8
BLACK
6
CONTINUOUS
10
5.5406540157480313
20
-4.851519488188976
11
5.5413075590551184
21
-4.8548049606299211
0
LINE
8
BLACK
6
CONTINUOUS
10
5.5413075590551184
20
-4.8548049606299211
11
5.5436832677165357
21
-4.8605404724409444
0
LINE
8
BLACK
6
CONTINUOUS
10
5.5436832677165357
20
-4.8605404724409444
11
5.5471322834645669
21
-4.8657022834645671
0
LINE
8
BLACK
6
CONTINUOUS
10
5.5471322834645669
20
-4.8657022834645671
11
5.5515220472440943
21
-4.8700920472440945
0
LINE
8
BLACK
6
CONTINUOUS
10
5.5515220472440943
20
-4.8700920472440945
11
5.556683858267716
21
-4.8735410629921256
0
LINE
8
BLACK
6
CONTINUOUS
10
5.556683858267716
20
-4.8735410629921256
11
5.5576006299212599
21
-4.8739207874015751
0
LINE
8
BLACK
6
CONTINUOUS
10
5.5576006299212599
20
-4.8739207874015751
11
5.5592100000000002
21
-4.8749961417322831
0
LINE
8
BLACK
6
CONTINUOUS
10
5.5592100000000002
20
-4.8749961417322831
11
5.7011645275590546
21
-5.0169507086614171
0
LINE
8
BLACK
6
CONTINUOUS
10
5.7011645275590546
20
-5.0169507086614171
11
5.7011646456692908
21
-5.0169507874015746
0
LINE
8
BLACK
6
CONTINUOUS
10
5.7011646456692908
20
-5.0169507874015746
11
5.7011647244094483
21
-5.0169508661417321
0
LINE
8
BLACK
6
CONTINUOUS
10
5.7011647244094483
20
-5.0169508661417321
11
5.7040657480314962
21
-5.0188892125984248
0
LINE
8
BLACK
6
CONTINUOUS
10
5.7040657480314962
20
-5.0188892125984248
11
5.7060041338582677
21
-5.0201844094488184
0
LINE
8
BLACK
6
CONTINUOUS
10
5.7060041338582677
20
-5.0201844094488184
11
5.7113813779527556
21
-5.022411732283464
0
LINE
8
BLACK
6
CONTINUOUS
10
5.7113813779527556
20
-5.022411732283464
11
5.7170898425196848
21
-5.0235472440944884
0
LINE
8
BLACK
6
CONTINUOUS
10
5.7170898425196848
20
-5.0235472440944884
11
5.7170898818897635
21
-5.0235472440944884
0
LINE
8
BLACK
6
CONTINUOUS
10
5.7170898818897635
20
-5.0235472440944884
11
5.7170900393700785
21
-5.0235472440944884
0
LINE
8
BLACK
6
CONTINUOUS
10
5.7170900393700785
20
-5.0235472440944884
11
5.9579099606299213
21
-5.0235472440944884
0
LINE
8
BLACK
6
CONTINUOUS
10
5.9579099606299213
20
-5.0235472440944884
11
5.9579101181102363
21
-5.0235472440944884
0
LINE
8
BLACK
6
CONTINUOUS
10
5.9579101181102363
20
-5.0235472440944884
11
5.957910157480315
21
-5.0235472440944884
0
LINE
8
BLACK
6
CONTINUOUS
10
5.957910157480315
20
-5.0235472440944884
11
5.9636186220472442
21
-5.022411732283464
0
LINE
8
BLACK
6
CONTINUOUS
10
5.9636186220472442
20
-5.022411732283464
11
5.9689958661417322
21
-5.0201844094488184
0
LINE
8
BLACK
6
CONTINUOUS
10
5.9689958661417322
20
-5.0201844094488184
11
5.9709342125984248
21
-5.0188892125984248
0
LINE
8
BLACK
6
CONTINUOUS
10
5.9709342125984248
20
-5.0188892125984248
11
5.9709344094488186
21
-5.0188890944881885
0
LINE
8
BLACK
6
CONTINUOUS
10
5.9709344094488186
20
-5.0188890944881885
11
5.9715128346456687
21
-5.0185025590551184
0
LINE
8
BLACK
6
CONTINUOUS
10
5.9715128346456687
20
-5.0185025590551184
11
5.9738352755905506
21
-5.0169508661417321
0
LINE
8
BLACK
6
CONTINUOUS
10
5.9738352755905506
20
-5.0169508661417321
11
6.0394705118110235
21
-4.9513155905511814
0
LINE
8
BLACK
6
CONTINUOUS
10
6.0394705118110235
20
-4.9513155905511814
11
6.0427040944881885
21
-4.9464761811023621
0
LINE
8
BLACK
6
CONTINUOUS
10
6.0427040944881885
20
-4.9464761811023621
11
6.0449314173228341
21
-4.9410989370078742
0
LINE
8
BLACK
6
CONTINUOUS
10
6.0449314173228341
20
-4.9410989370078742
11
6.0460669291338585
21
-4.935390472440945
0
LINE
8
BLACK
6
CONTINUOUS
10
6.0460669291338585
20
-4.935390472440945
11
6.0460669291338585
21
-4.9183237401574802
0
LINE
8
BLACK
6
CONTINUOUS
10
6.0460669291338585
20
-4.9183237401574802
11
6.0468544094488186
21
-4.9156418110236215
0
LINE
8
BLACK
6
CONTINUOUS
10
6.0468544094488186
20
-4.9156418110236215
11
6.0489668503937004
21
-4.9138113779527561
0
LINE
8
BLACK
6
CONTINUOUS
10
6.0489668503937004
20
-4.9138113779527561
11
6.0517335433070869
21
-4.9134135826771654
0
LINE
8
BLACK
6
CONTINUOUS
10
6.0517335433070869
20
-4.9134135826771654
11
6.0519938976377947
21
-4.9134581496062992
0
LINE
8
BLACK
6
CONTINUOUS
10
6.0519938976377947
20
-4.9134581496062992
11
6.0548959842519681
21
-4.9140354330708664
0
LINE
8
BLACK
6
CONTINUOUS
10
6.0548959842519681
20
-4.9140354330708664
11
6.0548960236220468
21
-4.9140354330708664
0
LINE
8
BLACK
6
CONTINUOUS
10
6.0548960236220468
20
-4.9140354330708664
11
6.0611039763779528
21
-4.9140354330708664
0
LINE
8
BLACK
6
CONTINUOUS
10
6.0611039763779528
20
-4.9140354330708664
11
6.0611040157480316
21
-4.9140354330708664
0
LINE
8
BLACK
6
CONTINUOUS
10
6.0611040157480316
20
-4.9140354330708664
11
6.0671927952755906
21
-4.9128242913385822
0
LINE
8
BLACK
6
CONTINUOUS
10
6.0671927952755906
20
-4.9128242913385822
11
6.072928307086614
21
-4.9104485826771649
0
LINE
8
BLACK
6
CONTINUOUS
10
6.072928307086614
20
-4.9104485826771649
11
6.0780901181102358
21
-4.9069995669291337
0
LINE
8
BLACK
6
CONTINUOUS
10
6.0780901181102358
20
-4.9069995669291337
11
6.0824798818897641
21
-4.9026098031496064
0
LINE
8
BLACK
6
CONTINUOUS
10
6.0824798818897641
20
-4.9026098031496064
11
6.0859288976377952
21
-4.8974479921259846
0
LINE
8
BLACK
6
CONTINUOUS
10
6.0859288976377952
20
-4.8974479921259846
11
6.0883046062992126
21
-4.8917124803149603
0
LINE
8
BLACK
6
CONTINUOUS
10
6.0883046062992126
20
-4.8917124803149603
11
6.0895157480314959
21
-4.8856237007874013
0
LINE
8
BLACK
6
CONTINUOUS
10
6.0895157480314959
20
-4.8856237007874013
11
6.0895157480314959
21
-4.8794156692913386
0
LINE
8
BLACK
6
CONTINUOUS
10
6.0895157480314959
20
-4.8794156692913386
11
6.0883046062992126
21
-4.8733268897637796
0
LINE
8
BLACK
6
CONTINUOUS
10
6.0883046062992126
20
-4.8733268897637796
11
6.0859288976377952
21
-4.8675913779527562
0
LINE
8
BLACK
6
CONTINUOUS
10
6.0859288976377952
20
-4.8675913779527562
11
6.0824798818897641
21
-4.8624295669291335
0
LINE
8
BLACK
6
CONTINUOUS
10
6.0824798818897641
20
-4.8624295669291335
11
6.0780901181102358
21
-4.8580398031496062
0
LINE
8
BLACK
6
CONTINUOUS
10
6.0780901181102358
20
-4.8580398031496062
11
6.072928307086614
21
-4.854590787401575
0
LINE
8
BLACK
6
CONTINUOUS
10
6.072928307086614
20
-4.854590787401575
11
6.0671927952755906
21
-4.8522150787401577
0
LINE
8
BLACK
6
CONTINUOUS
10
6.0671927952755906
20
-4.8522150787401577
11
6.0670413779527559
21
-4.8521849606299208
0
LINE
8
BLACK
6
CONTINUOUS
10
6.0670413779527559
20
-4.8521849606299208
11
6.0611040944881891
21
-4.8510039370078735
0
LINE
8
BLACK
6
CONTINUOUS
10
6.0611040944881891
20
-4.8510039370078735
11
6.0611040157480316
21
-4.8510039370078735
0
LINE
8
BLACK
6
CONTINUOUS
10
6.0611040157480316
20
-4.8510039370078735
11
6.0548959842519681
21
-4.8510039370078735
0
LINE
8
BLACK
6
CONTINUOUS
10
6.0548959842519681
20
-4.8510039370078735
11
6.0548958661417318
21
-4.8510039370078735
0
LINE
8
BLACK
6
CONTINUOUS
10
6.0548958661417318
20
-4.8510039370078735
11
6.0488071653543303
21
-4.8522150787401577
0
LINE
8
BLACK
6
CONTINUOUS
10
6.0488071653543303
20
-4.8522150787401577
11
6.0488067716535427
21
-4.8522151968503939
0
LINE
8
BLACK
6
CONTINUOUS
10
6.0488067716535427
20
-4.8522151968503939
11
6.047890433070866
21
-4.8525948031496062
0
LINE
8
BLACK
6
CONTINUOUS
10
6.047890433070866
20
-4.8525948031496062
11
6.045992047244094
21
-4.8529724409448818
0
LINE
8
BLACK
6
CONTINUOUS
10
6.045992047244094
20
-4.8529724409448818
11
6.0308133070866141
21
-4.8529724409448818
0
LINE
8
BLACK
6
CONTINUOUS
10
6.0308133070866141
20
-4.8529724409448818
11
6.0281313779527554
21
-4.8521849606299208
0
LINE
8
BLACK
6
CONTINUOUS
10
6.0281313779527554
20
-4.8521849606299208
11
6.0273055905511805
21
-4.851519488188976
0
LINE
8
BLACK
6
CONTINUOUS
10
6.0273055905511805
20
-4.851519488188976
11
6.0110001574803151
21
-4.835214015748031
0
LINE
8
BLACK
6
CONTINUOUS
10
6.0110001574803151
20
-4.835214015748031
11
6.0096605905511806
21
-4.8327607874015746
0
LINE
8
BLACK
6
CONTINUOUS
10
6.0096605905511806
20
-4.8327607874015746
11
6.0095472440944881
21
-4.8317063385826771
0
LINE
8
BLACK
6
CONTINUOUS
10
6.0095472440944881
20
-4.8317063385826771
11
6.0095472440944881
21
-4.7764958267716535
0
LINE
8
BLACK
6
CONTINUOUS
10
6.0095472440944881
20
-4.7764958267716535
11
6.0096817322834646
21
-4.7753485433070866
0
LINE
8
BLACK
6
CONTINUOUS
10
6.0096817322834646
20
-4.7753485433070866
11
6.0097732677165352
21
-4.7749633464566932
0
LINE
8
BLACK
6
CONTINUOUS
10
6.0097732677165352
20
-4.7749633464566932
11
6.0103046062992123
21
-4.7736806692913385
0
LINE
8
BLACK
6
CONTINUOUS
10
6.0103046062992123
20
-4.7736806692913385
11
6.0115157480314956
21
-4.7675918897637795
0
LINE
8
BLACK
6
CONTINUOUS
10
6.0115157480314956
20
-4.7675918897637795
11
6.0115157480314956
21
-4.7613838582677168
0
LINE
8
BLACK
6
CONTINUOUS
10
6.0115157480314956
20
-4.7613838582677168
11
6.0103046062992123
21
-4.7552950787401578
0
LINE
8
BLACK
6
CONTINUOUS
10
6.0103046062992123
20
-4.7552950787401578
11
6.0079288976377949
21
-4.7495595669291335
0
LINE
8
BLACK
6
CONTINUOUS
10
6.0079288976377949
20
-4.7495595669291335
11
6.0044798818897638
21
-4.7443977559055117
0
LINE
8
BLACK
6
CONTINUOUS
10
6.0044798818897638
20
-4.7443977559055117
11
6.0000901181102364
21
-4.7400079921259843
0
LINE
8
BLACK
6
CONTINUOUS
10
6.0000901181102364
20
-4.7400079921259843
11
5.9949283070866137
21
-4.7365589763779523
0
LINE
8
BLACK
6
CONTINUOUS
10
5.9949283070866137
20
-4.7365589763779523
11
5.9891927952755903
21
-4.734183267716535
0
LINE
8
BLACK
6
CONTINUOUS
10
5.9891927952755903
20
-4.734183267716535
11
5.9874884645669288
21
-4.7338442519685042
0
LINE
8
BLACK
6
CONTINUOUS
10
5.9874884645669288
20
-4.7338442519685042
11
5.9831040944881888
21
-4.7329721259842517
0
LINE
8
BLACK
6
CONTINUOUS
10
5.9831040944881888
20
-4.7329721259842517
11
5.9831040157480313
21
-4.7329721259842517
0
LINE
8
BLACK
6
CONTINUOUS
10
5.9831040157480313
20
-4.7329721259842517
11
5.9768959842519687
21
-4.7329721259842517
0
LINE
8
BLACK
6
CONTINUOUS
10
5.9768959842519687
20
-4.7329721259842517
11
5.9768958661417324
21
-4.7329721259842517
0
LINE
8
BLACK
6
CONTINUOUS
10
5.9768958661417324
20
-4.7329721259842517
11
5.9708071653543309
21
-4.734183267716535
0
LINE
8
BLACK
6
CONTINUOUS
10
5.9708071653543309
20
-4.734183267716535
11
5.9708069685039371
21
-4.7341833464566925
0
LINE
8
BLACK
6
CONTINUOUS
10
5.9708069685039371
20
-4.7341833464566925
11
5.9650716535433066
21
-4.7365589763779523
0
LINE
8
BLACK
6
CONTINUOUS
10
5.9650716535433066
20
-4.7365589763779523
11
5.9599100393700786
21
-4.7400078740157481
0
LINE
8
BLACK
6
CONTINUOUS
10
5.9599100393700786
20
-4.7400078740157481
11
5.9599097637795273
21
-4.7400080708661418
0
LINE
8
BLACK
6
CONTINUOUS
10
5.9599097637795273
20
-4.7400080708661418
11
5.9555201968503937
21
-4.7443976377952755
0
LINE
8
BLACK
6
CONTINUOUS
10
5.9555201968503937
20
-4.7443976377952755
11
5.9555199999999999
21
-4.7443979133858267
0
LINE
8
BLACK
6
CONTINUOUS
10
5.9555199999999999
20
-4.7443979133858267
11
5.9520711023622042
21
-4.7495595275590548
0
LINE
8
BLACK
6
CONTINUOUS
10
5.9520711023622042
20
-4.7495595275590548
11
5.9496954724409443
21
-4.7552948425196853
0
LINE
8
BLACK
6
CONTINUOUS
10
5.9496954724409443
20
-4.7552948425196853
11
5.9496953937007877
21
-4.755295039370079
0
LINE
8
BLACK
6
CONTINUOUS
10
5.9496953937007877
20
-4.755295039370079
11
5.9484842519685035
21
-4.7613837401574806
0
LINE
8
BLACK
6
CONTINUOUS
10
5.9484842519685035
20
-4.7613837401574806
11
5.9484842519685035
21
-4.7621600787401572
0
LINE
8
BLACK
6
CONTINUOUS
10
5.9484842519685035
20
-4.7621600787401572
11
5.948661653543307
21
-4.7623374803149607
0
LINE
8
BLACK
6
CONTINUOUS
10
5.948661653543307
20
-4.7623374803149607
11
5.950203307086614
21
-4.7650076771653538
0
LINE
8
BLACK
6
CONTINUOUS
10
5.950203307086614
20
-4.7650076771653538
11
5.9510012992125985
21
-4.7679859055118108
0
LINE
8
BLACK
6
CONTINUOUS
10
5.9510012992125985
20
-4.7679859055118108
11
5.9510012992125985
21
-4.7710692125984249
0
LINE
8
BLACK
6
CONTINUOUS
10
5.9510012992125985
20
-4.7710692125984249
11
5.950203307086614
21
-4.7740474409448819
0
LINE
8
BLACK
6
CONTINUOUS
10
5.950203307086614
20
-4.7740474409448819
11
5.949996023622047
21
-4.7744064173228349
0
LINE
8
BLACK
6
CONTINUOUS
10
5.949996023622047
20
-4.7744064173228349
11
5.9500751181102363
21
-4.774597362204724
0
LINE
8
BLACK
6
CONTINUOUS
10
5.9500751181102363
20
-4.774597362204724
11
5.9504527559055118
21
-4.7764958267716535
0
LINE
8
BLACK
6
CONTINUOUS
10
5.9504527559055118
20
-4.7764958267716535
11
5.9504527559055118
21
-4.8489100787401576
0
LINE
8
BLACK
6
CONTINUOUS
10
5.9504527559055118
20
-4.8489100787401576
11
5.9515882677165353
21
-4.8546186220472443
0
LINE
8
BLACK
6
CONTINUOUS
10
5.9515882677165353
20
-4.8546186220472443
11
5.951588307086614
21
-4.8546187401574805
0
LINE
8
BLACK
6
CONTINUOUS
10
5.951588307086614
20
-4.8546187401574805
11
5.9538155905511809
21
-4.8599958661417322
0
LINE
8
BLACK
6
CONTINUOUS
10
5.9538155905511809
20
-4.8599958661417322
11
5.9538155905511809
21
-4.8599959055118109
0
LINE
8
BLACK
6
CONTINUOUS
10
5.9538155905511809
20
-4.8599959055118109
11
5.9541794094488187
21
-4.8605403543307082
0
LINE
8
BLACK
6
CONTINUOUS
10
5.9541794094488187
20
-4.8605403543307082
11
5.9541794488188975
21
-4.8605404724409444
0
LINE
8
BLACK
6
CONTINUOUS
10
5.9541794488188975
20
-4.8605404724409444
11
5.9541794881889762
21
-4.8605404724409444
0
LINE
8
BLACK
6
CONTINUOUS
10
5.9541794881889762
20
-4.8605404724409444
11
5.9570491338582672
21
-4.8648352755905515
0
LINE
8
BLACK
6
CONTINUOUS
10
5.9570491338582672
20
-4.8648352755905515
11
5.9716295669291339
21
-4.8794157086614174
0
LINE
8
BLACK
6
CONTINUOUS
10
5.9716295669291339
20
-4.8794157086614174
11
5.9855194881889764
21
-4.8933055905511811
0
LINE
8
BLACK
6
CONTINUOUS
10
5.9855194881889764
20
-4.8933055905511811
11
5.98685905511811
21
-4.8957588582677163
0
LINE
8
BLACK
6
CONTINUOUS
10
5.98685905511811
20
-4.8957588582677163
11
5.9869724409448821
21
-4.8968133070866138
0
LINE
8
BLACK
6
CONTINUOUS
10
5.9869724409448821
20
-4.8968133070866138
11
5.9869724409448821
21
-4.9181866929133857
0
LINE
8
BLACK
6
CONTINUOUS
10
5.9869724409448821
20
-4.9181866929133857
11
5.9861849606299211
21
-4.9208686220472444
0
LINE
8
BLACK
6
CONTINUOUS
10
5.9861849606299211
20
-4.9208686220472444
11
5.9855194881889764
21
-4.9216943700787397
0
LINE
8
BLACK
6
CONTINUOUS
10
5.9855194881889764
20
-4.9216943700787397
11
5.9442140551181097
21
-4.9629998031496063
0
LINE
8
BLACK
6
CONTINUOUS
10
5.9442140551181097
20
-4.9629998031496063
11
5.9417608267716533
21
-4.9643394094488187
0
LINE
8
BLACK
6
CONTINUOUS
10
5.9417608267716533
20
-4.9643394094488187
11
5.9407063779527558
21
-4.964452755905512
0
LINE
8
BLACK
6
CONTINUOUS
10
5.9407063779527558
20
-4.964452755905512
11
5.734293622047244
21
-4.964452755905512
0
LINE
8
BLACK
6
CONTINUOUS
10
5.734293622047244
20
-4.964452755905512
11
5.7316116929133853
21
-4.963665275590551
0
LINE
8
BLACK
6
CONTINUOUS
10
5.7316116929133853
20
-4.963665275590551
11
5.7307859448818892
21
-4.9629998031496063
0
LINE
8
BLACK
6
CONTINUOUS
10
5.7307859448818892
20
-4.9629998031496063
11
5.6009961417322831
21
-4.8332100000000002
0
LINE
8
BLACK
6
CONTINUOUS
10
5.6009961417322831
20
-4.8332100000000002
11
5.5999207874015751
21
-4.8316006299212599
0
LINE
8
BLACK
6
CONTINUOUS
10
5.5999207874015751
20
-4.8316006299212599
11
5.5995410629921256
21
-4.8306838582677161
0
LINE
8
BLACK
6
CONTINUOUS
10
5.5995410629921256
20
-4.8306838582677161
11
5.5960920472440945
21
-4.8255220472440943
0
LINE
8
BLACK
6
CONTINUOUS
10
5.5960920472440945
20
-4.8255220472440943
11
5.5917022834645671
21
-4.8211322834645669
0
LINE
8
BLACK
6
CONTINUOUS
10
5.5917022834645671
20
-4.8211322834645669
11
5.5865404724409444
21
-4.8176832677165358
0
LINE
8
BLACK
6
CONTINUOUS
10
5.5865404724409444
20
-4.8176832677165358
11
5.580804960629921
21
-4.8153075590551184
0
LINE
8
BLACK
6
CONTINUOUS
10
5.580804960629921
20
-4.8153075590551184
11
5.5747162598425195
21
-4.8140964173228342
0
LINE
8
BLACK
6
CONTINUOUS
10
5.5747162598425195
20
-4.8140964173228342
11
5.574716181102362
21
-4.8140964173228342
0
LINE
8
BLACK
6
CONTINUOUS
10
5.574716181102362
20
-4.8140964173228342
11
5.5685081496062994
21
-4.8140964173228342
0
LINE
8
BLACK
6
CONTINUOUS
10
5.5685081496062994
20
-4.8140964173228342
11
5.5685080314960631
21
-4.8140964173228342
0
LINE
8
BLACK
6
CONTINUOUS
10
5.5685080314960631
20
-4.8140964173228342
11
5.5624193307086616
21
-4.8153075590551184
0
LINE
8
BLACK
6
CONTINUOUS
10
5.5624193307086616
20
-4.8153075590551184
11
5.5624191338582678
21
-4.815307637795275
0
LINE
8
BLACK
6
CONTINUOUS
10
5.5624191338582678
20
-4.815307637795275
11
5.5566838188976373
21
-4.8176832677165358
0
LINE
8
BLACK
6
CONTINUOUS
10
5.5566838188976373
20
-4.8176832677165358
11
5.5515222047244093
21
-4.8211321653543306
0
LINE
8
BLACK
6
CONTINUOUS
10
5.5515222047244093
20
-4.8211321653543306
11
5.551521929133858
21
-4.8211323622047244
0
LINE
8
BLACK
6
CONTINUOUS
10
5.551521929133858
20
-4.8211323622047244
11
5.5471323622047244
21
-4.825521929133858
0
LINE
8
BLACK
6
CONTINUOUS
10
5.5471323622047244
20
-4.825521929133858
11
5.5471321653543306
21
-4.8255222047244093
0
LINE
8
BLACK
6
CONTINUOUS
10
5.5471321653543306
20
-4.8255222047244093
11
5.5436832677165357
21
-4.8306838188976373
0
LINE
8
BLACK
6
CONTINUOUS
10
5.5436832677165357
20
-4.8306838188976373
11
5.541307637795275
21
-4.8364191338582678
0
LINE
8
BLACK
6
CONTINUOUS
10
5.541307637795275
20
-4.8364191338582678
11
5.5413075590551184
21
-4.8364193307086616
0
LINE
8
BLACK
6
CONTINUOUS
10
5.5413075590551184
20
-4.8364193307086616
11
5.5400964173228342
21
-4.8425080314960631
0
LINE
8
BLACK
6
CONTINUOUS
10
5.5400964173228342
20
-4.8425080314960631
11
5.5400964173228342
21
-4.8487162598425195
0
LINE
8
BLACK
6
CONTINUOUS
10
7.0662587795275593
20
-4.7578292913385827
11
7.058827677165354
21
-4.76161562992126
0
LINE
8
BLACK
6
CONTINUOUS
10
7.058827677165354
20
-4.76161562992126
11
7.0508957086614172
21
-4.7641928740157482
0
LINE
8
BLACK
6
CONTINUOUS
10
7.0508957086614172
20
-4.7641928740157482
11
7.0426582677165355
21
-4.7654975590551176
0
LINE
8
BLACK
6
CONTINUOUS
10
7.0426582677165355
20
-4.7654975590551176
11
7.03431811023622
21
-4.7654975590551176
0
LINE
8
BLACK
6
CONTINUOUS
10
7.03431811023622
20
-4.7654975590551176
11
7.0260806692913382
21
-4.7641928740157482
0
LINE
8
BLACK
6
CONTINUOUS
10
7.0260806692913382
20
-4.7641928740157482
11
7.0181487007874015
21
-4.76161562992126
0
LINE
8
BLACK
6
CONTINUOUS
10
7.0181487007874015
20
-4.76161562992126
11
7.010717598425197
21
-4.7578292913385827
0
LINE
8
BLACK
6
CONTINUOUS
10
7.010717598425197
20
-4.7578292913385827
11
7.0087455118110231
21
-4.7563964960629921
0
LINE
8
BLACK
6
CONTINUOUS
10
7.0087455118110231
20
-4.7563964960629921
11
6.994319212598425
21
-4.7708228346456689
0
LINE
8
BLACK
6
CONTINUOUS
10
6.994319212598425
20
-4.7708228346456689
11
6.994319212598425
21
-4.7708228740157477
0
LINE
8
BLACK
6
CONTINUOUS
10
6.994319212598425
20
-4.7708228740157477
11
6.9977610629921259
21
-4.7734638976377948
0
LINE
8
BLACK
6
CONTINUOUS
10
6.9977610629921259
20
-4.7734638976377948
11
6.9977613385826771
21
-4.7734640944881885
0
LINE
8
BLACK
6
CONTINUOUS
10
6.9977613385826771
20
-4.7734640944881885
11
7.0060649999999995
21
-4.7782581889763778
0
LINE
8
BLACK
6
CONTINUOUS
10
7.0060649999999995
20
-4.7782581889763778
11
7.0060654330708658
21
-4.7782584251968503
0
LINE
8
BLACK
6
CONTINUOUS
10
7.0060654330708658
20
-4.7782584251968503
11
7.0149245669291336
21
-4.7819279921259845
0
LINE
8
BLACK
6
CONTINUOUS
10
7.0149245669291336
20
-4.7819279921259845
11
7.0241870078740156
21
-4.7844098425196853
0
LINE
8
BLACK
6
CONTINUOUS
10
7.0241870078740156
20
-4.7844098425196853
11
7.0336935826771656
21
-4.7856613779527555
0
LINE
8
BLACK
6
CONTINUOUS
10
7.0336935826771656
20
-4.7856613779527555
11
7.0336939763779522
21
-4.7856614173228342
0
LINE
8
BLACK
6
CONTINUOUS
10
7.0336939763779522
20
-4.7856614173228342
11
7.0432824015748032
21
-4.7856614173228342
0
LINE
8
BLACK
6
CONTINUOUS
10
7.0432824015748032
20
-4.7856614173228342
11
7.043282755905512
21
-4.7856613779527555
0
LINE
8
BLACK
6
CONTINUOUS
10
7.043282755905512
20
-4.7856613779527555
11
7.0527893307086611
21
-4.7844098425196853
0
LINE
8
BLACK
6
CONTINUOUS
10
7.0527893307086611
20
-4.7844098425196853
11
7.0620517716535431
21
-4.7819279921259845
0
LINE
8
BLACK
6
CONTINUOUS
10
7.0620517716535431
20
-4.7819279921259845
11
7.0709109055118109
21
-4.7782584251968503
0
LINE
8
BLACK
6
CONTINUOUS
10
7.0709109055118109
20
-4.7782584251968503
11
7.0709113385826772
21
-4.7782581889763778
0
LINE
8
BLACK
6
CONTINUOUS
10
7.0709113385826772
20
-4.7782581889763778
11
7.0792149606299208
21
-4.7734640944881885
0
LINE
8
BLACK
6
CONTINUOUS
10
7.0792149606299208
20
-4.7734640944881885
11
7.0826570866141729
21
-4.7708228346456689
0
LINE
8
BLACK
6
CONTINUOUS
10
7.0826570866141729
20
-4.7708228346456689
11
7.0682307874015748
21
-4.7563964960629921
0
LINE
8
BLACK
6
CONTINUOUS
10
7.0682307874015748
20
-4.7563964960629921
11
7.0662587795275593
21
-4.7578292913385827
0
LINE
8
BLACK
6
CONTINUOUS
10
7.2662587795275586
20
-4.7578292913385827
11
7.2588276771653542
21
-4.76161562992126
0
LINE
8
BLACK
6
CONTINUOUS
10
7.2588276771653542
20
-4.76161562992126
11
7.2508957086614174
21
-4.7641928740157482
0
LINE
8
BLACK
6
CONTINUOUS
10
7.2508957086614174
20
-4.7641928740157482
11
7.2426582677165356
21
-4.7654975590551176
0
LINE
8
BLACK
6
CONTINUOUS
10
7.2426582677165356
20
-4.7654975590551176
11
7.2343181102362202
21
-4.7654975590551176
0
LINE
8
BLACK
6
CONTINUOUS
10
7.2343181102362202
20
-4.7654975590551176
11
7.2260806692913384
21
-4.7641928740157482
0
LINE
8
BLACK
6
CONTINUOUS
10
7.2260806692913384
20
-4.7641928740157482
11
7.2181487007874017
21
-4.76161562992126
0
LINE
8
BLACK
6
CONTINUOUS
10
7.2181487007874017
20
-4.76161562992126
11
7.2107175984251963
21
-4.7578292913385827
0
LINE
8
BLACK
6
CONTINUOUS
10
7.2107175984251963
20
-4.7578292913385827
11
7.2087455118110233
21
-4.7563964960629921
0
LINE
8
BLACK
6
CONTINUOUS
10
7.2087455118110233
20
-4.7563964960629921
11
7.1943192125984252
21
-4.7708228346456689
0
LINE
8
BLACK
6
CONTINUOUS
10
7.1943192125984252
20
-4.7708228346456689
11
7.1943192125984252
21
-4.7708228740157477
0
LINE
8
BLACK
6
CONTINUOUS
10
7.1943192125984252
20
-4.7708228740157477
11
7.197761062992126
21
-4.7734638976377948
0
LINE
8
BLACK
6
CONTINUOUS
10
7.197761062992126
20
-4.7734638976377948
11
7.1977613385826773
21
-4.7734640944881885
0
LINE
8
BLACK
6
CONTINUOUS
10
7.1977613385826773
20
-4.7734640944881885
11
7.2060649999999997
21
-4.7782581889763778
0
LINE
8
BLACK
6
CONTINUOUS
10
7.2060649999999997
20
-4.7782581889763778
11
7.206065433070866
21
-4.7782584251968503
0
LINE
8
BLACK
6
CONTINUOUS
10
7.206065433070866
20
-4.7782584251968503
11
7.2149245669291338
21
-4.7819279921259845
0
LINE
8
BLACK
6
CONTINUOUS
10
7.2149245669291338
20
-4.7819279921259845
11
7.2241870078740158
21
-4.7844098425196853
0
LINE
8
BLACK
6
CONTINUOUS
10
7.2241870078740158
20
-4.7844098425196853
11
7.2336935826771649
21
-4.7856613779527555
0
LINE
8
BLACK
6
CONTINUOUS
10
7.2336935826771649
20
-4.7856613779527555
11
7.2336939763779524
21
-4.7856614173228342
0
LINE
8
BLACK
6
CONTINUOUS
10
7.2336939763779524
20
-4.7856614173228342
11
7.2432824015748034
21
-4.7856614173228342
0
LINE
8
BLACK
6
CONTINUOUS
10
7.2432824015748034
20
-4.7856614173228342
11
7.2432827559055113
21
-4.7856613779527555
0
LINE
8
BLACK
6
CONTINUOUS
10
7.2432827559055113
20
-4.7856613779527555
11
7.2527893307086613
21
-4.7844098425196853
0
LINE
8
BLACK
6
CONTINUOUS
10
7.2527893307086613
20
-4.7844098425196853
11
7.2620517716535433
21
-4.7819279921259845
0
LINE
8
BLACK
6
CONTINUOUS
10
7.2620517716535433
20
-4.7819279921259845
11
7.2709109055118111
21
-4.7782584251968503
0
LINE
8
BLACK
6
CONTINUOUS
10
7.2709109055118111
20
-4.7782584251968503
11
7.2709113385826774
21
-4.7782581889763778
0
LINE
8
BLACK
6
CONTINUOUS
10
7.2709113385826774
20
-4.7782581889763778
11
7.279214960629921
21
-4.7734640944881885
0
LINE
8
BLACK
6
CONTINUOUS
10
7.279214960629921
20
-4.7734640944881885
11
7.2826570866141731
21
-4.7708228346456689
0
LINE
8
BLACK
6
CONTINUOUS
10
7.2826570866141731
20
-4.7708228346456689
11
7.268230787401575
21
-4.7563964960629921
0
LINE
8
BLACK
6
CONTINUOUS
10
7.268230787401575
20
-4.7563964960629921
11
7.2662587795275586
21
-4.7578292913385827
0
LINE
8
BLACK
6
CONTINUOUS
10
5.840807165354331
20
-4.1296953937007874
11
5.8408069685039372
21
-4.1296954724409449
0
LINE
8
BLACK
6
CONTINUOUS
10
5.8408069685039372
20
-4.1296954724409449
11
5.8350716535433067
21
-4.1320711023622048
0
LINE
8
BLACK
6
CONTINUOUS
10
5.8350716535433067
20
-4.1320711023622048
11
5.8299100393700787
21
-4.1355199999999996
0
LINE
8
BLACK
6
CONTINUOUS
10
5.8299100393700787
20
-4.1355199999999996
11
5.8299097637795274
21
-4.1355201968503934
0
LINE
8
BLACK
6
CONTINUOUS
10
5.8299097637795274
20
-4.1355201968503934
11
5.8255201968503938
21
-4.1399097637795279
0
LINE
8
BLACK
6
CONTINUOUS
10
5.8255201968503938
20
-4.1399097637795279
11
5.82552
21
-4.1399100393700783
0
LINE
8
BLACK
6
CONTINUOUS
10
5.82552
20
-4.1399100393700783
11
5.8220711023622043
21
-4.1450716535433072
0
LINE
8
BLACK
6
CONTINUOUS
10
5.8220711023622043
20
-4.1450716535433072
11
5.8196954724409444
21
-4.1508069685039368
0
LINE
8
BLACK
6
CONTINUOUS
10
5.8196954724409444
20
-4.1508069685039368
11
5.8196953937007869
21
-4.1508071653543306
0
LINE
8
BLACK
6
CONTINUOUS
10
5.8196953937007869
20
-4.1508071653543306
11
5.8184842519685036
21
-4.1568958661417321
0
LINE
8
BLACK
6
CONTINUOUS
10
5.8184842519685036
20
-4.1568958661417321
11
5.8184842519685036
21
-4.157674881889764
0
LINE
8
BLACK
6
CONTINUOUS
10
5.8184842519685036
20
-4.157674881889764
11
5.8176967716535435
21
-4.1603568110236218
0
LINE
8
BLACK
6
CONTINUOUS
10
5.8176967716535435
20
-4.1603568110236218
11
5.8170312992125979
21
-4.1611825590551179
0
LINE
8
BLACK
6
CONTINUOUS
10
5.8170312992125979
20
-4.1611825590551179
11
5.6142140551181097
21
-4.3639998031496061
0
LINE
8
BLACK
6
CONTINUOUS
10
5.6142140551181097
20
-4.3639998031496061
11
5.6131365354330711
21
-4.3645881496062993
0
LINE
8
BLACK
6
CONTINUOUS
10
5.6131365354330711
20
-4.3645881496062993
11
5.6121039370078742
21
-4.3652518110236223
0
LINE
8
BLACK
6
CONTINUOUS
10
5.6121039370078742
20
-4.3652518110236223
11
5.6118559448818894
21
-4.3652874409448819
0
LINE
8
BLACK
6
CONTINUOUS
10
5.6118559448818894
20
-4.3652874409448819
11
5.6117608267716532
21
-4.3653394094488185
0
LINE
8
BLACK
6
CONTINUOUS
10
5.6117608267716532
20
-4.3653394094488185
11
5.6107063779527557
21
-4.3654527559055119
0
LINE
8
BLACK
6
CONTINUOUS
10
5.6107063779527557
20
-4.3654527559055119
11
5.6100424409448815
21
-4.3654527559055119
0
LINE
8
BLACK
6
CONTINUOUS
10
5.6100424409448815
20
-4.3654527559055119
11
5.6073605118110237
21
-4.3646652755905508
0
LINE
8
BLACK
6
CONTINUOUS
10
5.6073605118110237
20
-4.3646652755905508
11
5.6055300787401574
21
-4.362552834645669
0
LINE
8
BLACK
6
CONTINUOUS
10
5.6055300787401574
20
-4.362552834645669
11
5.6051322834645667
21
-4.3597861417322834
0
LINE
8
BLACK
6
CONTINUOUS
10
5.6051322834645667
20
-4.3597861417322834
11
5.6059178346456688
21
-4.3577361417322837
0
LINE
8
BLACK
6
CONTINUOUS
10
5.6059178346456688
20
-4.3577361417322837
11
5.6059760629921263
21
-4.3576489763779529
0
LINE
8
BLACK
6
CONTINUOUS
10
5.6059760629921263
20
-4.3576489763779529
11
5.6094249606299211
21
-4.352487362204724
0
LINE
8
BLACK
6
CONTINUOUS
10
5.6094249606299211
20
-4.352487362204724
11
5.6118006692913385
21
-4.3467518503937006
0
LINE
8
BLACK
6
CONTINUOUS
10
5.6118006692913385
20
-4.3467518503937006
11
5.6130118110236218
21
-4.3406630708661416
0
LINE
8
BLACK
6
CONTINUOUS
10
5.6130118110236218
20
-4.3406630708661416
11
5.6130118110236218
21
-4.3375590551181098
0
LINE
8
BLACK
6
CONTINUOUS
10
5.6130118110236218
20
-4.3375590551181098
11
5.6130118110236218
21
-4.3349648818897633
0
LINE
8
BLACK
6
CONTINUOUS
10
5.6130118110236218
20
-4.3349648818897633
11
5.6130118110236218
21
-4.2798467716535429
0
LINE
8
BLACK
6
CONTINUOUS
10
5.6130118110236218
20
-4.2798467716535429
11
5.6130118110236218
21
-4.2793369291338585
0
LINE
8
BLACK
6
CONTINUOUS
10
5.6130118110236218
20
-4.2793369291338585
11
5.6118006692913385
21
-4.2732481496062995
0
LINE
8
BLACK
6
CONTINUOUS
10
5.6118006692913385
20
-4.2732481496062995
11
5.6094249606299211
21
-4.2675126377952752
0
LINE
8
BLACK
6
CONTINUOUS
10
5.6094249606299211
20
-4.2675126377952752
11
5.60597594488189
21
-4.2623508267716534
0
LINE
8
BLACK
6
CONTINUOUS
10
5.60597594488189
20
-4.2623508267716534
11
5.6015861811023617
21
-4.2579610629921261
0
LINE
8
BLACK
6
CONTINUOUS
10
5.6015861811023617
20
-4.2579610629921261
11
5.5964243700787399
21
-4.254512047244094
0
LINE
8
BLACK
6
CONTINUOUS
10
5.5964243700787399
20
-4.254512047244094
11
5.5906888582677166
21
-4.2521363385826767
0
LINE
8
BLACK
6
CONTINUOUS
10
5.5906888582677166
20
-4.2521363385826767
11
5.584600157480315
21
-4.2509251968503934
0
LINE
8
BLACK
6
CONTINUOUS
10
5.584600157480315
20
-4.2509251968503934
11
5.5846000787401575
21
-4.2509251968503934
0
LINE
8
BLACK
6
CONTINUOUS
10
5.5846000787401575
20
-4.2509251968503934
11
5.5840902362204723
21
-4.2509251968503934
0
LINE
8
BLACK
6
CONTINUOUS
10
5.5840902362204723
20
-4.2509251968503934
11
5.5210981102362204
21
-4.2509251968503934
0
LINE
8
BLACK
6
CONTINUOUS
10
5.5210981102362204
20
-4.2509251968503934
11
5.5185039370078739
21
-4.2509251968503934
0
LINE
8
BLACK
6
CONTINUOUS
10
5.5185039370078739
20
-4.2509251968503934
11
5.5153999212598421
21
-4.2509251968503934
0
LINE
8
BLACK
6
CONTINUOUS
10
5.5153999212598421
20
-4.2509251968503934
11
5.5153998031496059
21
-4.2509251968503934
0
LINE
8
BLACK
6
CONTINUOUS
10
5.5153998031496059
20
-4.2509251968503934
11
5.5093111023622043
21
-4.2521363385826767
0
LINE
8
BLACK
6
CONTINUOUS
10
5.5093111023622043
20
-4.2521363385826767
11
5.5093109055118106
21
-4.2521364173228342
0
LINE
8
BLACK
6
CONTINUOUS
10
5.5093109055118106
20
-4.2521364173228342
11
5.503575590551181
21
-4.254512047244094
0
LINE
8
BLACK
6
CONTINUOUS
10
5.503575590551181
20
-4.254512047244094
11
5.4984139763779529
21
-4.2579609448818898
0
LINE
8
BLACK
6
CONTINUOUS
10
5.4984139763779529
20
-4.2579609448818898
11
5.4984137007874017
21
-4.2579611417322836
0
LINE
8
BLACK
6
CONTINUOUS
10
5.4984137007874017
20
-4.2579611417322836
11
5.4940241338582672
21
-4.2623507086614172
0
LINE
8
BLACK
6
CONTINUOUS
10
5.4940241338582672
20
-4.2623507086614172
11
5.4940239370078743
21
-4.2623509842519685
0
LINE
8
BLACK
6
CONTINUOUS
10
5.4940239370078743
20
-4.2623509842519685
11
5.4905750393700785
21
-4.2675125984251965
0
LINE
8
BLACK
6
CONTINUOUS
10
5.4905750393700785
20
-4.2675125984251965
11
5.4881994094488187
21
-4.273247913385827
0
LINE
8
BLACK
6
CONTINUOUS
10
5.4881994094488187
20
-4.273247913385827
11
5.4881993307086612
21
-4.2732481102362208
0
LINE
8
BLACK
6
CONTINUOUS
10
5.4881993307086612
20
-4.2732481102362208
11
5.4869881889763779
21
-4.2793368110236223
0
LINE
8
BLACK
6
CONTINUOUS
10
5.4869881889763779
20
-4.2793368110236223
11
5.4869881889763779
21
-4.2793369291338585
0
LINE
8
BLACK
6
CONTINUOUS
10
5.4869881889763779
20
-4.2793369291338585
11
5.4869881889763779
21
-4.2798467716535429
0
LINE
8
BLACK
6
CONTINUOUS
10
5.4869881889763779
20
-4.2798467716535429
11
5.4869881889763779
21
-4.3349648818897633
0
LINE
8
BLACK
6
CONTINUOUS
10
5.4869881889763779
20
-4.3349648818897633
11
5.4869881889763779
21
-4.3375590551181098
0
LINE
8
BLACK
6
CONTINUOUS
10
5.4869881889763779
20
-4.3375590551181098
11
5.4869881889763779
21
-4.3406630708661416
0
LINE
8
BLACK
6
CONTINUOUS
10
5.4869881889763779
20
-4.3406630708661416
11
5.4881993307086612
21
-4.3467518503937006
0
LINE
8
BLACK
6
CONTINUOUS
10
5.4881993307086612
20
-4.3467518503937006
11
5.4905750393700785
21
-4.352487362204724
0
LINE
8
BLACK
6
CONTINUOUS
10
5.4905750393700785
20
-4.352487362204724
11
5.4940240551181105
21
-4.3576491732283467
0
LINE
8
BLACK
6
CONTINUOUS
10
5.4940240551181105
20
-4.3576491732283467
11
5.4984138188976379
21
-4.362038937007874
0
LINE
8
BLACK
6
CONTINUOUS
10
5.4984138188976379
20
-4.362038937007874
11
5.5035756299212597
21
-4.3654879527559052
0
LINE
8
BLACK
6
CONTINUOUS
10
5.5035756299212597
20
-4.3654879527559052
11
5.5093111417322831
21
-4.3678636614173225
0
LINE
8
BLACK
6
CONTINUOUS
10
5.5093111417322831
20
-4.3678636614173225
11
5.5153999212598421
21
-4.3690748031496058
0
LINE
8
BLACK
6
CONTINUOUS
10
5.5153999212598421
20
-4.3690748031496058
11
5.5159097637795274
21
-4.3690748031496058
0
LINE
8
BLACK
6
CONTINUOUS
10
5.5159097637795274
20
-4.3690748031496058
11
5.5571631102362202
21
-4.3690748031496058
0
LINE
8
BLACK
6
CONTINUOUS
10
5.5571631102362202
20
-4.3690748031496058
11
5.5598450393700789
21
-4.3698622834645668
0
LINE
8
BLACK
6
CONTINUOUS
10
5.5598450393700789
20
-4.3698622834645668
11
5.5616754724409452
21
-4.3719747244094487
0
LINE
8
BLACK
6
CONTINUOUS
10
5.5616754724409452
20
-4.3719747244094487
11
5.562073267716535
21
-4.3747414173228343
0
LINE
8
BLACK
6
CONTINUOUS
10
5.562073267716535
20
-4.3747414173228343
11
5.5609120866141728
21
-4.3772839370078742
0
LINE
8
BLACK
6
CONTINUOUS
10
5.5609120866141728
20
-4.3772839370078742
11
5.5606713779527555
21
-4.3775424803149603
0
LINE
8
BLACK
6
CONTINUOUS
10
5.5606713779527555
20
-4.3775424803149603
11
5.4976000787401578
21
-4.4406137401574801
0
LINE
8
BLACK
6
CONTINUOUS
10
5.4976000787401578
20
-4.4406137401574801
11
5.4852557086614171
21
-4.4529581102362208
0
LINE
8
BLACK
6
CONTINUOUS
10
5.4852557086614171
20
-4.4529581102362208
11
5.4828024803149606
21
-4.4542976771653544
0
LINE
8
BLACK
6
CONTINUOUS
10
5.4828024803149606
20
-4.4542976771653544
11
5.4827159055118111
21
-4.4543156692913382
0
LINE
8
BLACK
6
CONTINUOUS
10
5.4827159055118111
20
-4.4543156692913382
11
5.4808074409448819
21
-4.4546953149606301
0
LINE
8
BLACK
6
CONTINUOUS
10
5.4808074409448819
20
-4.4546953149606301
11
5.4808070472440944
21
-4.4546954330708664
0
LINE
8
BLACK
6
CONTINUOUS
10
5.4808070472440944
20
-4.4546954330708664
11
5.4750716535433073
21
-4.4570711023622049
0
LINE
8
BLACK
6
CONTINUOUS
10
5.4750716535433073
20
-4.4570711023622049
11
5.4699100393700784
21
-4.4605199999999998
0
LINE
8
BLACK
6
CONTINUOUS
10
5.4699100393700784
20
-4.4605199999999998
11
5.4699097637795271
21
-4.4605201968503936
0
LINE
8
BLACK
6
CONTINUOUS
10
5.4699097637795271
20
-4.4605201968503936
11
5.4655201968503935
21
-4.4649097637795272
0
LINE
8
BLACK
6
CONTINUOUS
10
5.4655201968503935
20
-4.4649097637795272
11
5.4655199999999997
21
-4.4649100393700785
0
LINE
8
BLACK
6
CONTINUOUS
10
5.4655199999999997
20
-4.4649100393700785
11
5.4620711023622048
21
-4.4700716535433074
0
LINE
8
BLACK
6
CONTINUOUS
10
5.4620711023622048
20
-4.4700716535433074
11
5.459695472440945
21
-4.475806968503937
0
LINE
8
BLACK
6
CONTINUOUS
10
5.459695472440945
20
-4.475806968503937
11
5.4596953937007875
21
-4.4758071653543308
0
LINE
8
BLACK
6
CONTINUOUS
10
5.4596953937007875
20
-4.4758071653543308
11
5.4584842519685042
21
-4.4818958661417323
0
LINE
8
BLACK
6
CONTINUOUS
10
5.4584842519685042
20
-4.4818958661417323
11
5.4584842519685042
21
-4.4881040944881887
0
LINE
8
BLACK
6
CONTINUOUS
10
5.4584842519685042
20
-4.4881040944881887
11
5.4596953937007875
21
-4.4941927952755902
0
LINE
8
BLACK
6
CONTINUOUS
10
5.4596953937007875
20
-4.4941927952755902
11
5.459695472440945
21
-4.494192992125984
0
LINE
8
BLACK
6
CONTINUOUS
10
5.459695472440945
20
-4.494192992125984
11
5.4603044881889762
21
-4.4956632677165356
0
LINE
8
BLACK
6
CONTINUOUS
10
5.4603044881889762
20
-4.4956632677165356
11
5.4620711023622048
21
-4.4999283070866145
0
LINE
8
BLACK
6
CONTINUOUS
10
5.4620711023622048
20
-4.4999283070866145
11
5.465520118110236
21
-4.5050901181102363
0
LINE
8
BLACK
6
CONTINUOUS
10
5.465520118110236
20
-4.5050901181102363
11
5.4699098818897633
21
-4.5094798818897637
0
LINE
8
BLACK
6
CONTINUOUS
10
5.4699098818897633
20
-4.5094798818897637
11
5.475071692913386
21
-4.5129288976377948
0
LINE
8
BLACK
6
CONTINUOUS
10
5.475071692913386
20
-4.5129288976377948
11
5.4808072047244094
21
-4.5153046062992122
0
LINE
8
BLACK
6
CONTINUOUS
10
5.4808072047244094
20
-4.5153046062992122
11
5.4868959842519684
21
-4.5165157480314964
0
LINE
8
BLACK
6
CONTINUOUS
10
5.4868959842519684
20
-4.5165157480314964
11
5.4868960236220472
21
-4.5165157480314964
0
LINE
8
BLACK
6
CONTINUOUS
10
5.4868960236220472
20
-4.5165157480314964
11
5.4931039763779523
21
-4.5165157480314964
0
LINE
8
BLACK
6
CONTINUOUS
10
5.4931039763779523
20
-4.5165157480314964
11
5.4931040157480311
21
-4.5165157480314964
0
LINE
8
BLACK
6
CONTINUOUS
10
5.4931040157480311
20
-4.5165157480314964
11
5.4991927952755901
21
-4.5153046062992122
0
LINE
8
BLACK
6
CONTINUOUS
10
5.4991927952755901
20
-4.5153046062992122
11
5.5049283070866144
21
-4.5129288976377948
0
LINE
8
BLACK
6
CONTINUOUS
10
5.5049283070866144
20
-4.5129288976377948
11
5.5049284645669294
21
-4.5129287795275586
0
LINE
8
BLACK
6
CONTINUOUS
10
5.5049284645669294
20
-4.5129287795275586
11
5.5051060629921258
21
-4.5128338188976374
0
LINE
8
BLACK
6
CONTINUOUS
10
5.5051060629921258
20
-4.5128338188976374
11
5.5051690944881893
21
-4.5127959842519685
0
LINE
8
BLACK
6
CONTINUOUS
10
5.5051690944881893
20
-4.5127959842519685
11
5.5053863385826771
21
-4.5126794488188979
0
LINE
8
BLACK
6
CONTINUOUS
10
5.5053863385826771
20
-4.5126794488188979
11
5.5089958661417322
21
-4.5111844094488189
0
LINE
8
BLACK
6
CONTINUOUS
10
5.5089958661417322
20
-4.5111844094488189
11
5.5121303937007875
21
-4.5090899999999996
0
LINE
8
BLACK
6
CONTINUOUS
10
5.5121303937007875
20
-4.5090899999999996
11
5.5138352755905506
21
-4.5079508661417318
0
LINE
8
BLACK
6
CONTINUOUS
10
5.5138352755905506
20
-4.5079508661417318
11
5.5957859055118107
21
-4.4260001574803152
0
LINE
8
BLACK
6
CONTINUOUS
10
5.5957859055118107
20
-4.4260001574803152
11
5.598239133858268
21
-4.4246606299212594
0
LINE
8
BLACK
6
CONTINUOUS
10
5.598239133858268
20
-4.4246606299212594
11
5.5992935826771655
21
-4.4245472440944882
0
LINE
8
BLACK
6
CONTINUOUS
10
5.5992935826771655
20
-4.4245472440944882
11
5.6279099606299212
21
-4.4245472440944882
0
LINE
8
BLACK
6
CONTINUOUS
10
5.6279099606299212
20
-4.4245472440944882
11
5.6279101181102362
21
-4.4245472440944882
0
LINE
8
BLACK
6
CONTINUOUS
10
5.6279101181102362
20
-4.4245472440944882
11
5.627910157480315
21
-4.4245472440944882
0
LINE
8
BLACK
6
CONTINUOUS
10
5.627910157480315
20
-4.4245472440944882
11
5.6336186220472442
21
-4.4234117322834647
0
LINE
8
BLACK
6
CONTINUOUS
10
5.6336186220472442
20
-4.4234117322834647
11
5.6389958661417321
21
-4.4211844094488191
0
LINE
8
BLACK
6
CONTINUOUS
10
5.6389958661417321
20
-4.4211844094488191
11
5.6417319685039367
21
-4.4193562204724408
0
LINE
8
BLACK
6
CONTINUOUS
10
5.6417319685039367
20
-4.4193562204724408
11
5.6438352755905514
21
-4.4179508661417319
0
LINE
8
BLACK
6
CONTINUOUS
10
5.6438352755905514
20
-4.4179508661417319
11
5.6480181496062993
21
-4.4137679527559053
0
LINE
8
BLACK
6
CONTINUOUS
10
5.6480181496062993
20
-4.4137679527559053
11
5.6481367716535429
21
-4.4136636220472436
0
LINE
8
BLACK
6
CONTINUOUS
10
5.6481367716535429
20
-4.4136636220472436
11
5.6492658661417323
21
-4.4131376771653539
0
LINE
8
BLACK
6
CONTINUOUS
10
5.6492658661417323
20
-4.4131376771653539
11
5.650358897637795
21
-4.4125408661417325
0
LINE
8
BLACK
6
CONTINUOUS
10
5.650358897637795
20
-4.4125408661417325
11
5.650522125984252
21
-4.4125525196850397
0
LINE
8
BLACK
6
CONTINUOUS
10
5.650522125984252
20
-4.4125525196850397
11
5.6506705511811024
21
-4.4124834251968501
0
LINE
8
BLACK
6
CONTINUOUS
10
5.6506705511811024
20
-4.4124834251968501
11
5.6519046456692914
21
-4.4126513779527556
0
LINE
8
BLACK
6
CONTINUOUS
10
5.6519046456692914
20
-4.4126513779527556
11
5.6531469291338583
21
-4.412740236220472
0
LINE
8
BLACK
6
CONTINUOUS
10
5.6531469291338583
20
-4.412740236220472
11
5.6532779527559054
21
-4.4128383070866137
0
LINE
8
BLACK
6
CONTINUOUS
10
5.6532779527559054
20
-4.4128383070866137
11
5.6534401181102361
21
-4.4128603937007869
0
LINE
8
BLACK
6
CONTINUOUS
10
5.6534401181102361
20
-4.4128603937007869
11
5.6543874409448813
21
-4.4136688582677168
0
LINE
8
BLACK
6
CONTINUOUS
10
5.6543874409448813
20
-4.4136688582677168
11
5.6553845669291336
21
-4.41441531496063
0
LINE
8
BLACK
6
CONTINUOUS
10
5.6553845669291336
20
-4.41441531496063
11
5.6554417322834647
21
-4.4145686614173227
0
LINE
8
BLACK
6
CONTINUOUS
10
5.6554417322834647
20
-4.4145686614173227
11
5.6555662598425194
21
-4.4146749212598424
0
LINE
8
BLACK
6
CONTINUOUS
10
5.6555662598425194
20
-4.4146749212598424
11
5.6559260629921262
21
-4.4158671259842519
0
LINE
8
BLACK
6
CONTINUOUS
10
5.6559260629921262
20
-4.4158671259842519
11
5.6563613779527557
21
-4.4170342125984252
0
LINE
8
BLACK
6
CONTINUOUS
10
5.6563613779527557
20
-4.4170342125984252
11
5.6563725196850392
21
-4.4173463779527555
0
LINE
8
BLACK
6
CONTINUOUS
10
5.6563725196850392
20
-4.4173463779527555
11
5.6563738582677168
21
-4.4173508267716537
0
LINE
8
BLACK
6
CONTINUOUS
10
5.6563738582677168
20
-4.4173508267716537
11
5.6563727952755904
21
-4.4173544488188972
0
LINE
8
BLACK
6
CONTINUOUS
10
5.6563727952755904
20
-4.4173544488188972
11
5.6563740157480318
21
-4.41738811023622
0
LINE
8
BLACK
6
CONTINUOUS
10
5.6563740157480318
20
-4.41738811023622
11
5.6563740157480318
21
-4.5778756692913385
0
LINE
8
BLACK
6
CONTINUOUS
10
5.6563740157480318
20
-4.5778756692913385
11
5.6555865354330708
21
-4.5805575984251972
0
LINE
8
BLACK
6
CONTINUOUS
10
5.6555865354330708
20
-4.5805575984251972
11
5.6555380314960626
21
-4.5806316141732282
0
LINE
8
BLACK
6
CONTINUOUS
10
5.6555380314960626
20
-4.5806316141732282
11
5.6530710629921259
21
-4.5843237007874018
0
LINE
8
BLACK
6
CONTINUOUS
10
5.6530710629921259
20
-4.5843237007874018
11
5.6506954724409448
21
-4.5900589370078739
0
LINE
8
BLACK
6
CONTINUOUS
10
5.6506954724409448
20
-4.5900589370078739
11
5.6506953937007873
21
-4.5900591338582677
0
LINE
8
BLACK
6
CONTINUOUS
10
5.6506953937007873
20
-4.5900591338582677
11
5.649484251968504
21
-4.5961478346456692
0
LINE
8
BLACK
6
CONTINUOUS
10
5.649484251968504
20
-4.5961478346456692
11
5.649484251968504
21
-4.5961479527559055
0
LINE
8
BLACK
6
CONTINUOUS
10
5.649484251968504
20
-4.5961479527559055
11
5.649484251968504
21
-4.6023559842519681
0
LINE
8
BLACK
6
CONTINUOUS
10
5.649484251968504
20
-4.6023559842519681
11
5.6506953937007873
21
-4.6084447637795272
0
LINE
8
BLACK
6
CONTINUOUS
10
5.6506953937007873
20
-4.6084447637795272
11
5.6530711023622047
21
-4.6141802755905514
0
LINE
8
BLACK
6
CONTINUOUS
10
5.6530711023622047
20
-4.6141802755905514
11
5.6565201181102358
21
-4.6193420866141732
0
LINE
8
BLACK
6
CONTINUOUS
10
5.6565201181102358
20
-4.6193420866141732
11
5.6609098818897641
21
-4.6237318503937006
0
LINE
8
BLACK
6
CONTINUOUS
10
5.6609098818897641
20
-4.6237318503937006
11
5.6660716929133859
21
-4.6271808661417317
0
LINE
8
BLACK
6
CONTINUOUS
10
5.6660716929133859
20
-4.6271808661417317
11
5.6718072047244092
21
-4.6295565748031491
0
LINE
8
BLACK
6
CONTINUOUS
10
5.6718072047244092
20
-4.6295565748031491
11
5.6778959842519683
21
-4.6307677165354333
0
LINE
8
BLACK
6
CONTINUOUS
10
5.6778959842519683
20
-4.6307677165354333
11
5.677896023622047
21
-4.6307677165354333
0
LINE
8
BLACK
6
CONTINUOUS
10
5.677896023622047
20
-4.6307677165354333
11
5.6841039763779531
21
-4.6307677165354333
0
LINE
8
BLACK
6
CONTINUOUS
10
5.6841039763779531
20
-4.6307677165354333
11
5.6841040157480309
21
-4.6307677165354333
0
LINE
8
BLACK
6
CONTINUOUS
10
5.6841040157480309
20
-4.6307677165354333
11
5.6901927952755909
21
-4.6295565748031491
0
LINE
8
BLACK
6
CONTINUOUS
10
5.6901927952755909
20
-4.6295565748031491
11
5.6959283070866142
21
-4.6271808661417317
0
LINE
8
BLACK
6
CONTINUOUS
10
5.6959283070866142
20
-4.6271808661417317
11
5.701090118110236
21
-4.6237318503937006
0
LINE
8
BLACK
6
CONTINUOUS
10
5.701090118110236
20
-4.6237318503937006
11
5.7040707874015748
21
-4.6207511417322831
0
LINE
8
BLACK
6
CONTINUOUS
10
5.7040707874015748
20
-4.6207511417322831
11
5.7065238582677162
21
-4.6194116929133857
0
LINE
8
BLACK
6
CONTINUOUS
10
5.7065238582677162
20
-4.6194116929133857
11
5.7093118897637796
21
-4.6196110629921261
0
LINE
8
BLACK
6
CONTINUOUS
10
5.7093118897637796
20
-4.6196110629921261
11
5.7110860236220473
21
-4.6207512598425193
0
LINE
8
BLACK
6
CONTINUOUS
10
5.7110860236220473
20
-4.6207512598425193
11
5.7968155118110234
21
-4.7064807480314963
0
LINE
8
BLACK
6
CONTINUOUS
10
5.7968155118110234
20
-4.7064807480314963
11
5.7974038582677165
21
-4.707558228346457
0
LINE
8
BLACK
6
CONTINUOUS
10
5.7974038582677165
20
-4.707558228346457
11
5.7980675196850395
21
-4.7085908661417326
0
LINE
8
BLACK
6
CONTINUOUS
10
5.7980675196850395
20
-4.7085908661417326
11
5.7981031496062991
21
-4.7088388188976378
0
LINE
8
BLACK
6
CONTINUOUS
10
5.7981031496062991
20
-4.7088388188976378
11
5.7981551181102358
21
-4.7089339763779527
0
LINE
8
BLACK
6
CONTINUOUS
10
5.7981551181102358
20
-4.7089339763779527
11
5.7982684645669291
21
-4.7099884251968502
0
LINE
8
BLACK
6
CONTINUOUS
10
5.7982684645669291
20
-4.7099884251968502
11
5.7982684645669291
21
-4.7176235433070861
0
LINE
8
BLACK
6
CONTINUOUS
10
5.7982684645669291
20
-4.7176235433070861
11
5.7974809842519681
21
-4.7203054724409448
0
LINE
8
BLACK
6
CONTINUOUS
10
5.7974809842519681
20
-4.7203054724409448
11
5.7974324803149608
21
-4.7203794881889767
0
LINE
8
BLACK
6
CONTINUOUS
10
5.7974324803149608
20
-4.7203794881889767
11
5.7949655118110233
21
-4.7240715748031494
0
LINE
8
BLACK
6
CONTINUOUS
10
5.7949655118110233
20
-4.7240715748031494
11
5.7925899212598422
21
-4.7298068110236215
0
LINE
8
BLACK
6
CONTINUOUS
10
5.7925899212598422
20
-4.7298068110236215
11
5.7925898425196847
21
-4.7298070078740153
0
LINE
8
BLACK
6
CONTINUOUS
10
5.7925898425196847
20
-4.7298070078740153
11
5.7913787007874014
21
-4.7358957086614168
0
LINE
8
BLACK
6
CONTINUOUS
10
5.7913787007874014
20
-4.7358957086614168
11
5.7913787007874014
21
-4.7421039370078741
0
LINE
8
BLACK
6
CONTINUOUS
10
5.7913787007874014
20
-4.7421039370078741
11
5.7925898425196847
21
-4.7481926377952757
0
LINE
8
BLACK
6
CONTINUOUS
10
5.7925898425196847
20
-4.7481926377952757
11
5.794965551181102
21
-4.7539281496062991
0
LINE
8
BLACK
6
CONTINUOUS
10
5.794965551181102
20
-4.7539281496062991
11
5.798414566929134
21
-4.7590899606299208
0
LINE
8
BLACK
6
CONTINUOUS
10
5.798414566929134
20
-4.7590899606299208
11
5.8028043307086614
21
-4.7634797244094491
0
LINE
8
BLACK
6
CONTINUOUS
10
5.8028043307086614
20
-4.7634797244094491
11
5.8079661417322832
21
-4.7669287401574802
0
LINE
8
BLACK
6
CONTINUOUS
10
5.8079661417322832
20
-4.7669287401574802
11
5.8137016535433066
21
-4.7693044488188976
0
LINE
8
BLACK
6
CONTINUOUS
10
5.8137016535433066
20
-4.7693044488188976
11
5.8197904330708656
21
-4.7705155905511809
0
LINE
8
BLACK
6
CONTINUOUS
10
5.8197904330708656
20
-4.7705155905511809
11
5.8197904724409444
21
-4.7705155905511809
0
LINE
8
BLACK
6
CONTINUOUS
10
5.8197904724409444
20
-4.7705155905511809
11
5.8259984251968504
21
-4.7705155905511809
0
LINE
8
BLACK
6
CONTINUOUS
10
5.8259984251968504
20
-4.7705155905511809
11
5.8259984645669292
21
-4.7705155905511809
0
LINE
8
BLACK
6
CONTINUOUS
10
5.8259984645669292
20
-4.7705155905511809
11
5.8320872440944882
21
-4.7693044488188976
0
LINE
8
BLACK
6
CONTINUOUS
10
5.8320872440944882
20
-4.7693044488188976
11
5.8378227559055116
21
-4.7669287401574802
0
LINE
8
BLACK
6
CONTINUOUS
10
5.8378227559055116
20
-4.7669287401574802
11
5.8429845669291334
21
-4.7634797244094491
0
LINE
8
BLACK
6
CONTINUOUS
10
5.8429845669291334
20
-4.7634797244094491
11
5.8473743307086616
21
-4.7590899606299208
0
LINE
8
BLACK
6
CONTINUOUS
10
5.8473743307086616
20
-4.7590899606299208
11
5.8508233464566928
21
-4.7539281496062991
0
LINE
8
BLACK
6
CONTINUOUS
10
5.8508233464566928
20
-4.7539281496062991
11
5.8531990551181101
21
-4.7481926377952757
0
LINE
8
BLACK
6
CONTINUOUS
10
5.8531990551181101
20
-4.7481926377952757
11
5.8544101968503934
21
-4.7421038582677166
0
LINE
8
BLACK
6
CONTINUOUS
10
5.8544101968503934
20
-4.7421038582677166
11
5.8544101968503934
21
-4.7358958267716531
0
LINE
8
BLACK
6
CONTINUOUS
10
5.8544101968503934
20
-4.7358958267716531
11
5.8531990551181101
21
-4.7298070472440941
0
LINE
8
BLACK
6
CONTINUOUS
10
5.8531990551181101
20
-4.7298070472440941
11
5.8508233464566928
21
-4.7240715354330707
0
LINE
8
BLACK
6
CONTINUOUS
10
5.8508233464566928
20
-4.7240715354330707
11
5.8483564173228348
21
-4.7203794881889767
0
LINE
8
BLACK
6
CONTINUOUS
10
5.8483564173228348
20
-4.7203794881889767
11
5.8475212204724407
21
-4.7177120472440945
0
LINE
8
BLACK
6
CONTINUOUS
10
5.8475212204724407
20
-4.7177120472440945
11
5.8475204330708657
21
-4.7176235433070861
0
LINE
8
BLACK
6
CONTINUOUS
10
5.8475204330708657
20
-4.7176235433070861
11
5.8475204330708657
21
-4.6953079133858271
0
LINE
8
BLACK
6
CONTINUOUS
10
5.8475204330708657
20
-4.6953079133858271
11
5.8475203937007869
21
-4.6953076377952758
0
LINE
8
BLACK
6
CONTINUOUS
10
5.8475203937007869
20
-4.6953076377952758
11
5.8468917716535431
21
-4.6921473622047243
0
LINE
8
BLACK
6
CONTINUOUS
10
5.8468917716535431
20
-4.6921473622047243
11
5.8465740944881892
21
-4.690550157480315
0
LINE
8
BLACK
6
CONTINUOUS
10
5.8465740944881892
20
-4.690550157480315
11
5.8447177165354329
21
-4.6860685039370074
0
LINE
8
BLACK
6
CONTINUOUS
10
5.8447177165354329
20
-4.6860685039370074
11
5.8420227165354328
21
-4.682035157480315
0
LINE
8
BLACK
6
CONTINUOUS
10
5.8420227165354328
20
-4.682035157480315
11
5.8385925984251967
21
-4.6786050393700789
0
LINE
8
BLACK
6
CONTINUOUS
10
5.8385925984251967
20
-4.6786050393700789
11
5.838592559055118
21
-4.6786050000000001
0
LINE
8
BLACK
6
CONTINUOUS
10
5.838592559055118
20
-4.6786050000000001
11
5.8384681102362199
21
-4.6784805511811021
0
LINE
8
BLACK
6
CONTINUOUS
10
5.8384681102362199
20
-4.6784805511811021
11
5.8384675196850395
21
-4.6784799999999995
0
LINE
8
BLACK
6
CONTINUOUS
10
5.8384675196850395
20
-4.6784799999999995
11
5.736078937007874
21
-4.5760914173228349
0
LINE
8
BLACK
6
CONTINUOUS
10
5.736078937007874
20
-4.5760914173228349
11
5.7354905511811021
21
-4.5750138976377954
0
LINE
8
BLACK
6
CONTINUOUS
10
5.7354905511811021
20
-4.5750138976377954
11
5.7348269291338578
21
-4.5739812992125986
0
LINE
8
BLACK
6
CONTINUOUS
10
5.7348269291338578
20
-4.5739812992125986
11
5.7347912598425195
21
-4.5737333070866137
0
LINE
8
BLACK
6
CONTINUOUS
10
5.7347912598425195
20
-4.5737333070866137
11
5.7347393307086616
21
-4.5736381889763775
0
LINE
8
BLACK
6
CONTINUOUS
10
5.7347393307086616
20
-4.5736381889763775
11
5.7346259842519682
21
-4.57258374015748
0
LINE
8
BLACK
6
CONTINUOUS
10
5.7346259842519682
20
-4.57258374015748
11
5.7346259842519682
21
-4.5271863779527557
0
LINE
8
BLACK
6
CONTINUOUS
10
5.7346259842519682
20
-4.5271863779527557
11
5.7336296850393698
21
-4.5261900787401572
0
LINE
8
BLACK
6
CONTINUOUS
10
5.7336296850393698
20
-4.5261900787401572
11
5.7320880314960627
21
-4.5235198818897633
0
LINE
8
BLACK
6
CONTINUOUS
10
5.7320880314960627
20
-4.5235198818897633
11
5.7312900393700783
21
-4.5205416535433072
0
LINE
8
BLACK
6
CONTINUOUS
10
5.7312900393700783
20
-4.5205416535433072
11
5.7312900393700783
21
-4.5174583464566931
0
LINE
8
BLACK
6
CONTINUOUS
10
5.7312900393700783
20
-4.5174583464566931
11
5.7320880314960627
21
-4.5144801181102361
0
LINE
8
BLACK
6
CONTINUOUS
10
5.7320880314960627
20
-4.5144801181102361
11
5.7336296850393698
21
-4.5118099212598421
0
LINE
8
BLACK
6
CONTINUOUS
10
5.7336296850393698
20
-4.5118099212598421
11
5.7346259842519682
21
-4.5108136220472437
0
LINE
8
BLACK
6
CONTINUOUS
10
5.7346259842519682
20
-4.5108136220472437
11
5.7346259842519682
21
-4.5003094488188973
0
LINE
8
BLACK
6
CONTINUOUS
10
5.7346259842519682
20
-4.5003094488188973
11
5.7346259842519682
21
-4.4207099999999997
0
LINE
8
BLACK
6
CONTINUOUS
10
5.7346259842519682
20
-4.4207099999999997
11
5.7354134645669292
21
-4.4180280708661419
0
LINE
8
BLACK
6
CONTINUOUS
10
5.7354134645669292
20
-4.4180280708661419
11
5.7360785433070864
21
-4.4172027165354333
0
LINE
8
BLACK
6
CONTINUOUS
10
5.7360785433070864
20
-4.4172027165354333
11
5.7743974803149607
21
-4.3788837401574803
0
LINE
8
BLACK
6
CONTINUOUS
10
5.7743974803149607
20
-4.3788837401574803
11
5.7768505905511809
21
-4.3775442913385829
0
LINE
8
BLACK
6
CONTINUOUS
10
5.7768505905511809
20
-4.3775442913385829
11
5.7796385826771655
21
-4.3777436614173224
0
LINE
8
BLACK
6
CONTINUOUS
10
5.7796385826771655
20
-4.3777436614173224
11
5.7818762204724408
21
-4.3794187401574804
0
LINE
8
BLACK
6
CONTINUOUS
10
5.7818762204724408
20
-4.3794187401574804
11
5.782029645669291
21
-4.3796355905511808
0
LINE
8
BLACK
6
CONTINUOUS
10
5.782029645669291
20
-4.3796355905511808
11
5.7836694488188973
21
-4.3820897637795273
0
LINE
8
BLACK
6
CONTINUOUS
10
5.7836694488188973
20
-4.3820897637795273
11
5.7836696456692911
21
-4.3820899999999998
0
LINE
8
BLACK
6
CONTINUOUS
10
5.7836696456692911
20
-4.3820899999999998
11
5.7836697244094486
21
-4.3820901181102361
0
LINE
8
BLACK
6
CONTINUOUS
10
5.7836697244094486
20
-4.3820901181102361
11
5.788059488188976
21
-4.3864798818897635
0
LINE
8
BLACK
6
CONTINUOUS
10
5.788059488188976
20
-4.3864798818897635
11
5.7932212992125987
21
-4.3899288976377955
0
LINE
8
BLACK
6
CONTINUOUS
10
5.7932212992125987
20
-4.3899288976377955
11
5.798956811023622
21
-4.3923046062992128
0
LINE
8
BLACK
6
CONTINUOUS
10
5.798956811023622
20
-4.3923046062992128
11
5.8050455905511811
21
-4.3935157480314961
0
LINE
8
BLACK
6
CONTINUOUS
10
5.8050455905511811
20
-4.3935157480314961
11
5.8050456299212598
21
-4.3935157480314961
0
LINE
8
BLACK
6
CONTINUOUS
10
5.8050456299212598
20
-4.3935157480314961
11
5.811253582677165
21
-4.3935157480314961
0
LINE
8
BLACK
6
CONTINUOUS
10
5.811253582677165
20
-4.3935157480314961
11
5.8112536220472437
21
-4.3935157480314961
0
LINE
8
BLACK
6
CONTINUOUS
10
5.8112536220472437
20
-4.3935157480314961
11
5.8173424015748028
21
-4.3923046062992128
0
LINE
8
BLACK
6
CONTINUOUS
10
5.8173424015748028
20
-4.3923046062992128
11
5.823077913385827
21
-4.3899288976377955
0
LINE
8
BLACK
6
CONTINUOUS
10
5.823077913385827
20
-4.3899288976377955
11
5.8267698818897635
21
-4.3874620078740154
0
LINE
8
BLACK
6
CONTINUOUS
10
5.8267698818897635
20
-4.3874620078740154
11
5.8294373228346457
21
-4.3866267716535434
0
LINE
8
BLACK
6
CONTINUOUS
10
5.8294373228346457
20
-4.3866267716535434
11
5.829525866141732
21
-4.3866259842519684
0
LINE
8
BLACK
6
CONTINUOUS
10
5.829525866141732
20
-4.3866259842519684
11
6.6017448818897639
21
-4.3866259842519684
0
LINE
8
BLACK
6
CONTINUOUS
10
6.6017448818897639
20
-4.3866259842519684
11
6.6029226377952757
21
-4.3869717716535428
0
LINE
8
BLACK
6
CONTINUOUS
10
6.6029226377952757
20
-4.3869717716535428
11
6.604122244094488
21
-4.3872327559055115
0
LINE
8
BLACK
6
CONTINUOUS
10
6.604122244094488
20
-4.3872327559055115
11
6.6043228346456688
21
-4.3873829133858271
0
LINE
8
BLACK
6
CONTINUOUS
10
6.6043228346456688
20
-4.3873829133858271
11
6.6044268110236217
21
-4.3874134645669294
0
LINE
8
BLACK
6
CONTINUOUS
10
6.6044268110236217
20
-4.3874134645669294
11
6.6052525590551179
21
-4.3880789370078741
0
LINE
8
BLACK
6
CONTINUOUS
10
6.6052525590551179
20
-4.3880789370078741
11
6.6114714566929136
21
-4.3942978346456689
0
LINE
8
BLACK
6
CONTINUOUS
10
6.6114714566929136
20
-4.3942978346456689
11
6.612811062992126
21
-4.3967510629921263
0
LINE
8
BLACK
6
CONTINUOUS
10
6.612811062992126
20
-4.3967510629921263
11
6.6128290944881885
21
-4.3968377165354333
0
LINE
8
BLACK
6
CONTINUOUS
10
6.6128290944881885
20
-4.3968377165354333
11
6.6136953937007874
21
-4.4011927952755903
0
LINE
8
BLACK
6
CONTINUOUS
10
6.6136953937007874
20
-4.4011927952755903
11
6.6160711023622047
21
-4.4069283070866136
0
LINE
8
BLACK
6
CONTINUOUS
10
6.6160711023622047
20
-4.4069283070866136
11
6.6195201181102359
21
-4.4120901181102363
0
LINE
8
BLACK
6
CONTINUOUS
10
6.6195201181102359
20
-4.4120901181102363
11
6.6239098818897633
21
-4.4164798818897637
0
LINE
8
BLACK
6
CONTINUOUS
10
6.6239098818897633
20
-4.4164798818897637
11
6.6290716929133859
21
-4.4199288976377948
0
LINE
8
BLACK
6
CONTINUOUS
10
6.6290716929133859
20
-4.4199288976377948
11
6.6348072047244093
21
-4.4223046062992122
0
LINE
8
BLACK
6
CONTINUOUS
10
6.6348072047244093
20
-4.4223046062992122
11
6.6408959842519684
21
-4.4235157480314964
0
LINE
8
BLACK
6
CONTINUOUS
10
6.6408959842519684
20
-4.4235157480314964
11
6.6408960236220471
21
-4.4235157480314964
0
LINE
8
BLACK
6
CONTINUOUS
10
6.6408960236220471
20
-4.4235157480314964
11
6.6471039763779523
21
-4.4235157480314964
0
LINE
8
BLACK
6
CONTINUOUS
10
6.6471039763779523
20
-4.4235157480314964
11
6.647104015748031
21
-4.4235157480314964
0
LINE
8
BLACK
6
CONTINUOUS
10
6.647104015748031
20
-4.4235157480314964
11
6.65319279527559
21
-4.4223046062992122
0
LINE
8
BLACK
6
CONTINUOUS
10
6.65319279527559
20
-4.4223046062992122
11
6.6589283070866143
21
-4.4199288976377948
0
LINE
8
BLACK
6
CONTINUOUS
10
6.6589283070866143
20
-4.4199288976377948
11
6.6640901181102361
21
-4.4164798818897637
0
LINE
8
BLACK
6
CONTINUOUS
10
6.6640901181102361
20
-4.4164798818897637
11
6.6684798818897635
21
-4.4120901181102363
0
LINE
8
BLACK
6
CONTINUOUS
10
6.6684798818897635
20
-4.4120901181102363
11
6.6719288976377955
21
-4.4069283070866136
0
LINE
8
BLACK
6
CONTINUOUS
10
6.6719288976377955
20
-4.4069283070866136
11
6.6743046062992128
21
-4.4011927952755903
0
LINE
8
BLACK
6
CONTINUOUS
10
6.6743046062992128
20
-4.4011927952755903
11
6.6755157480314962
21
-4.3951040157480312
0
LINE
8
BLACK
6
CONTINUOUS
10
6.6755157480314962
20
-4.3951040157480312
11
6.6755157480314962
21
-4.3888959842519686
0
LINE
8
BLACK
6
CONTINUOUS
10
6.6755157480314962
20
-4.3888959842519686
11
6.6743046062992128
21
-4.3828072047244095
0
LINE
8
BLACK
6
CONTINUOUS
10
6.6743046062992128
20
-4.3828072047244095
11
6.6719288976377955
21
-4.3770716929133862
0
LINE
8
BLACK
6
CONTINUOUS
10
6.6719288976377955
20
-4.3770716929133862
11
6.6684798818897635
21
-4.3719098818897635
0
LINE
8
BLACK
6
CONTINUOUS
10
6.6684798818897635
20
-4.3719098818897635
11
6.6640901181102361
21
-4.3675201181102361
0
LINE
8
BLACK
6
CONTINUOUS
10
6.6640901181102361
20
-4.3675201181102361
11
6.6589283070866143
21
-4.364071102362205
0
LINE
8
BLACK
6
CONTINUOUS
10
6.6589283070866143
20
-4.364071102362205
11
6.6552628740157482
21
-4.362552834645669
0
LINE
8
BLACK
6
CONTINUOUS
10
6.6552628740157482
20
-4.362552834645669
11
6.6531929133858263
21
-4.3616954330708664
0
LINE
8
BLACK
6
CONTINUOUS
10
6.6531929133858263
20
-4.3616954330708664
11
6.65319279527559
21
-4.3616953937007876
0
LINE
8
BLACK
6
CONTINUOUS
10
6.65319279527559
20
-4.3616953937007876
11
6.6488377165354331
21
-4.3608290944881887
0
LINE
8
BLACK
6
CONTINUOUS
10
6.6488377165354331
20
-4.3608290944881887
11
6.6463609448818897
21
-4.3595335039370076
0
LINE
8
BLACK
6
CONTINUOUS
10
6.6463609448818897
20
-4.3595335039370076
11
6.6462978346456687
21
-4.3594714566929129
0
LINE
8
BLACK
6
CONTINUOUS
10
6.6462978346456687
20
-4.3594714566929129
11
6.6334375984251963
21
-4.3466112204724405
0
LINE
8
BLACK
6
CONTINUOUS
10
6.6334375984251963
20
-4.3466112204724405
11
6.6331283464566928
21
-4.346301968503937
0
LINE
8
BLACK
6
CONTINUOUS
10
6.6331283464566928
20
-4.346301968503937
11
6.6331282677165353
21
-4.3463018503937008
0
LINE
8
BLACK
6
CONTINUOUS
10
6.6331282677165353
20
-4.3463018503937008
11
6.6296981496062992
21
-4.3428717322834647
0
LINE
8
BLACK
6
CONTINUOUS
10
6.6296981496062992
20
-4.3428717322834647
11
6.6270929527559055
21
-4.3411309842519685
0
LINE
8
BLACK
6
CONTINUOUS
10
6.6270929527559055
20
-4.3411309842519685
11
6.6268468897637796
21
-4.3409665354330711
0
LINE
8
BLACK
6
CONTINUOUS
10
6.6268468897637796
20
-4.3409665354330711
11
6.6268468110236221
21
-4.3409664960629923
0
LINE
8
BLACK
6
CONTINUOUS
10
6.6268468110236221
20
-4.3409664960629923
11
6.6256647637795272
21
-4.3401766535433071
0
LINE
8
BLACK
6
CONTINUOUS
10
6.6256647637795272
20
-4.3401766535433071
11
6.6219230314960624
21
-4.3386268110236221
0
LINE
8
BLACK
6
CONTINUOUS
10
6.6219230314960624
20
-4.3386268110236221
11
6.6219229133858271
21
-4.3386267716535434
0
LINE
8
BLACK
6
CONTINUOUS
10
6.6219229133858271
20
-4.3386267716535434
11
6.6215788188976372
21
-4.3384842519685041
0
LINE
8
BLACK
6
CONTINUOUS
10
6.6215788188976372
20
-4.3384842519685041
11
6.6211831496062992
21
-4.3383203543307083
0
LINE
8
BLACK
6
CONTINUOUS
10
6.6211831496062992
20
-4.3383203543307083
11
6.6187707480314959
21
-4.3378405118110237
0
LINE
8
BLACK
6
CONTINUOUS
10
6.6187707480314959
20
-4.3378405118110237
11
6.6186582283464563
21
-4.3378181102362205
0
LINE
8
BLACK
6
CONTINUOUS
10
6.6186582283464563
20
-4.3378181102362205
11
6.6186578346456688
21
-4.337818031496063
0
LINE
8
BLACK
6
CONTINUOUS
10
6.6186578346456688
20
-4.337818031496063
11
6.6164255511811021
21
-4.3373740157480318
0
LINE
8
BLACK
6
CONTINUOUS
10
6.6164255511811021
20
-4.3373740157480318
11
6.6164254724409446
21
-4.3373740157480318
0
LINE
8
BLACK
6
CONTINUOUS
10
6.6164254724409446
20
-4.3373740157480318
11
6.6164254330708658
21
-4.3373740157480318
0
LINE
8
BLACK
6
CONTINUOUS
10
6.6164254330708658
20
-4.3373740157480318
11
6.1320619685039368
21
-4.3373740157480318
0
LINE
8
BLACK
6
CONTINUOUS
10
6.1320619685039368
20
-4.3373740157480318
11
6.129380039370079
21
-4.3365865354330708
0
LINE
8
BLACK
6
CONTINUOUS
10
6.129380039370079
20
-4.3365865354330708
11
6.1275496062992127
21
-4.334474094488189
0
LINE
8
BLACK
6
CONTINUOUS
10
6.1275496062992127
20
-4.334474094488189
11
6.1271518110236221
21
-4.3317074015748034
0
LINE
8
BLACK
6
CONTINUOUS
10
6.1271518110236221
20
-4.3317074015748034
11
6.1283129921259842
21
-4.3291648818897634
0
LINE
8
BLACK
6
CONTINUOUS
10
6.1283129921259842
20
-4.3291648818897634
11
6.1297235039370079
21
-4.328038503937008
0
LINE
8
BLACK
6
CONTINUOUS
10
6.1297235039370079
20
-4.328038503937008
11
6.1299278346456694
21
-4.3279292125984252
0
LINE
8
BLACK
6
CONTINUOUS
10
6.1299278346456694
20
-4.3279292125984252
11
6.1299283070866144
21
-4.3279290551181102
0
LINE
8
BLACK
6
CONTINUOUS
10
6.1299283070866144
20
-4.3279290551181102
11
6.1350901181102362
21
-4.3244800393700791
0
LINE
8
BLACK
6
CONTINUOUS
10
6.1350901181102362
20
-4.3244800393700791
11
6.1394798818897636
21
-4.3200902755905508
0
LINE
8
BLACK
6
CONTINUOUS
10
6.1394798818897636
20
-4.3200902755905508
11
6.1429288976377947
21
-4.314928464566929
0
LINE
8
BLACK
6
CONTINUOUS
10
6.1429288976377947
20
-4.314928464566929
11
6.145304606299212
21
-4.3091929527559056
0
LINE
8
BLACK
6
CONTINUOUS
10
6.145304606299212
20
-4.3091929527559056
11
6.1465157480314963
21
-4.3031041732283466
0
LINE
8
BLACK
6
CONTINUOUS
10
6.1465157480314963
20
-4.3031041732283466
11
6.1465157480314963
21
-4.2968961417322831
0
LINE
8
BLACK
6
CONTINUOUS
10
6.1465157480314963
20
-4.2968961417322831
11
6.145304606299212
21
-4.290807362204724
0
LINE
8
BLACK
6
CONTINUOUS
10
6.145304606299212
20
-4.290807362204724
11
6.1429288976377947
21
-4.2850718503937006
0
LINE
8
BLACK
6
CONTINUOUS
10
6.1429288976377947
20
-4.2850718503937006
11
6.1394798818897636
21
-4.2799100393700789
0
LINE
8
BLACK
6
CONTINUOUS
10
6.1394798818897636
20
-4.2799100393700789
11
6.1350901181102362
21
-4.2755202755905515
0
LINE
8
BLACK
6
CONTINUOUS
10
6.1350901181102362
20
-4.2755202755905515
11
6.1299283070866144
21
-4.2720712598425195
0
LINE
8
BLACK
6
CONTINUOUS
10
6.1299283070866144
20
-4.2720712598425195
11
6.1241927952755901
21
-4.2696955511811021
0
LINE
8
BLACK
6
CONTINUOUS
10
6.1241927952755901
20
-4.2696955511811021
11
6.1181040944881886
21
-4.2684844094488188
0
LINE
8
BLACK
6
CONTINUOUS
10
6.1181040944881886
20
-4.2684844094488188
11
6.1181040157480311
21
-4.2684844094488188
0
LINE
8
BLACK
6
CONTINUOUS
10
6.1181040157480311
20
-4.2684844094488188
11
6.1118959842519684
21
-4.2684844094488188
0
LINE
8
BLACK
6
CONTINUOUS
10
6.1118959842519684
20
-4.2684844094488188
11
6.1118958661417322
21
-4.2684844094488188
0
LINE
8
BLACK
6
CONTINUOUS
10
6.1118958661417322
20
-4.2684844094488188
11
6.1058071653543307
21
-4.2696955511811021
0
LINE
8
BLACK
6
CONTINUOUS
10
6.1058071653543307
20
-4.2696955511811021
11
6.1058069685039369
21
-4.2696956299212596
0
LINE
8
BLACK
6
CONTINUOUS
10
6.1058069685039369
20
-4.2696956299212596
11
6.1000716535433073
21
-4.2720712598425195
0
LINE
8
BLACK
6
CONTINUOUS
10
6.1000716535433073
20
-4.2720712598425195
11
6.0963799606299212
21
-4.2745379921259845
0
LINE
8
BLACK
6
CONTINUOUS
10
6.0963799606299212
20
-4.2745379921259845
11
6.093712519685039
21
-4.2753732283464565
0
LINE
8
BLACK
6
CONTINUOUS
10
6.093712519685039
20
-4.2753732283464565
11
6.0936239763779527
21
-4.2753740157480316
0
LINE
8
BLACK
6
CONTINUOUS
10
6.0936239763779527
20
-4.2753740157480316
11
5.8758796456692908
21
-4.2753740157480316
0
LINE
8
BLACK
6
CONTINUOUS
10
5.8758796456692908
20
-4.2753740157480316
11
5.873197716535433
21
-4.2745865354330705
0
LINE
8
BLACK
6
CONTINUOUS
10
5.873197716535433
20
-4.2745865354330705
11
5.8731236614173223
21
-4.2745379921259845
0
LINE
8
BLACK
6
CONTINUOUS
10
5.8731236614173223
20
-4.2745379921259845
11
5.8709283070866141
21
-4.2730711023622048
0
LINE
8
BLACK
6
CONTINUOUS
10
5.8709283070866141
20
-4.2730711023622048
11
5.8651929921259844
21
-4.2706954724409449
0
LINE
8
BLACK
6
CONTINUOUS
10
5.8651929921259844
20
-4.2706954724409449
11
5.8651927952755907
21
-4.2706953937007874
0
LINE
8
BLACK
6
CONTINUOUS
10
5.8651927952755907
20
-4.2706953937007874
11
5.8591040944881891
21
-4.2694842519685041
0
LINE
8
BLACK
6
CONTINUOUS
10
5.8591040944881891
20
-4.2694842519685041
11
5.8591040157480316
21
-4.2694842519685041
0
LINE
8
BLACK
6
CONTINUOUS
10
5.8591040157480316
20
-4.2694842519685041
11
5.8528959842519681
21
-4.2694842519685041
0
LINE
8
BLACK
6
CONTINUOUS
10
5.8528959842519681
20
-4.2694842519685041
11
5.8528958661417319
21
-4.2694842519685041
0
LINE
8
BLACK
6
CONTINUOUS
10
5.8528958661417319
20
-4.2694842519685041
11
5.8468071653543303
21
-4.2706953937007874
0
LINE
8
BLACK
6
CONTINUOUS
10
5.8468071653543303
20
-4.2706953937007874
11
5.8468069685039366
21
-4.2706954724409449
0
LINE
8
BLACK
6
CONTINUOUS
10
5.8468069685039366
20
-4.2706954724409449
11
5.8410716535433069
21
-4.2730711023622048
0
LINE
8
BLACK
6
CONTINUOUS
10
5.8410716535433069
20
-4.2730711023622048
11
5.8359100393700789
21
-4.2765199999999997
0
LINE
8
BLACK
6
CONTINUOUS
10
5.8359100393700789
20
-4.2765199999999997
11
5.8359097637795276
21
-4.2765201968503934
0
LINE
8
BLACK
6
CONTINUOUS
10
5.8359097637795276
20
-4.2765201968503934
11
5.8315201968503931
21
-4.280909763779527
0
LINE
8
BLACK
6
CONTINUOUS
10
5.8315201968503931
20
-4.280909763779527
11
5.8315200000000003
21
-4.2809100393700783
0
LINE
8
BLACK
6
CONTINUOUS
10
5.8315200000000003
20
-4.2809100393700783
11
5.8280711023622045
21
-4.2860716535433072
0
LINE
8
BLACK
6
CONTINUOUS
10
5.8280711023622045
20
-4.2860716535433072
11
5.8256268110236222
21
-4.2919727559055119
0
LINE
8
BLACK
6
CONTINUOUS
10
5.8256268110236222
20
-4.2919727559055119
11
5.8248030314960628
21
-4.2929950000000003
0
LINE
8
BLACK
6
CONTINUOUS
10
5.8248030314960628
20
-4.2929950000000003
11
5.8240165748031494
21
-4.294045590551181
0
LINE
8
BLACK
6
CONTINUOUS
10
5.8240165748031494
20
-4.294045590551181
11
5.8239305511811024
21
-4.2940776377952758
0
LINE
8
BLACK
6
CONTINUOUS
10
5.8239305511811024
20
-4.2940776377952758
11
5.823872952755905
21
-4.2941491732283463
0
LINE
8
BLACK
6
CONTINUOUS
10
5.823872952755905
20
-4.2941491732283463
11
5.8226273228346459
21
-4.2945637401574803
0
LINE
8
BLACK
6
CONTINUOUS
10
5.8226273228346459
20
-4.2945637401574803
11
5.8213976771653542
21
-4.2950224015748031
0
LINE
8
BLACK
6
CONTINUOUS
10
5.8213976771653542
20
-4.2950224015748031
11
5.8213079527559053
21
-4.295002874015748
0
LINE
8
BLACK
6
CONTINUOUS
10
5.8213079527559053
20
-4.295002874015748
11
5.8212208267716532
21
-4.2950318897637798
0
LINE
8
BLACK
6
CONTINUOUS
10
5.8212208267716532
20
-4.2950318897637798
11
5.8199488976377953
21
-4.2947072440944885
0
LINE
8
BLACK
6
CONTINUOUS
10
5.8199488976377953
20
-4.2947072440944885
11
5.8186664173228344
21
-4.2944282677165351
0
LINE
8
BLACK
6
CONTINUOUS
10
5.8186664173228344
20
-4.2944282677165351
11
5.8185683858267714
21
-4.2943548818897641
0
LINE
8
BLACK
6
CONTINUOUS
10
5.8185683858267714
20
-4.2943548818897641
11
5.8185125196850391
21
-4.2943406299212601
0
LINE
8
BLACK
6
CONTINUOUS
10
5.8185125196850391
20
-4.2943406299212601
11
5.8175361023622045
21
-4.2935820866141734
0
LINE
8
BLACK
6
CONTINUOUS
10
5.8175361023622045
20
-4.2935820866141734
11
5.8153096062992127
21
-4.2913555905511807
0
LINE
8
BLACK
6
CONTINUOUS
10
5.8153096062992127
20
-4.2913555905511807
11
5.8153088188976376
21
-4.291354724409449
0
LINE
8
BLACK
6
CONTINUOUS
10
5.8153088188976376
20
-4.291354724409449
11
5.8117060629921262
21
-4.2877519685039367
0
LINE
8
BLACK
6
CONTINUOUS
10
5.8117060629921262
20
-4.2877519685039367
11
5.8117058267716537
21
-4.2877517716535429
0
LINE
8
BLACK
6
CONTINUOUS
10
5.8117058267716537
20
-4.2877517716535429
11
5.8099121653543309
21
-4.2865532677165357
0
LINE
8
BLACK
6
CONTINUOUS
10
5.8099121653543309
20
-4.2865532677165357
11
5.8099119685039371
21
-4.2865531496062994
0
LINE
8
BLACK
6
CONTINUOUS
10
5.8099119685039371
20
-4.2865531496062994
11
5.8096792125984251
21
-4.2863976377952753
0
LINE
8
BLACK
6
CONTINUOUS
10
5.8096792125984251
20
-4.2863976377952753
11
5.8076725196850392
21
-4.2850567716535428
0
LINE
8
BLACK
6
CONTINUOUS
10
5.8076725196850392
20
-4.2850567716535428
11
5.8045034645669293
21
-4.283744133858268
0
LINE
8
BLACK
6
CONTINUOUS
10
5.8045034645669293
20
-4.283744133858268
11
5.8031908661417324
21
-4.2832004330708662
0
LINE
8
BLACK
6
CONTINUOUS
10
5.8031908661417324
20
-4.2832004330708662
11
5.7993725590551177
21
-4.2824409448818894
0
LINE
8
BLACK
6
CONTINUOUS
10
5.7993725590551177
20
-4.2824409448818894
11
5.7984331889763778
21
-4.2822540944881888
0
LINE
8
BLACK
6
CONTINUOUS
10
5.7984331889763778
20
-4.2822540944881888
11
5.7915079921259842
21
-4.2822540944881888
0
LINE
8
BLACK
6
CONTINUOUS
10
5.7915079921259842
20
-4.2822540944881888
11
5.7888260629921255
21
-4.2814666141732278
0
LINE
8
BLACK
6
CONTINUOUS
10
5.7888260629921255
20
-4.2814666141732278
11
5.7869956299212602
21
-4.279354173228346
0
LINE
8
BLACK
6
CONTINUOUS
10
5.7869956299212602
20
-4.279354173228346
11
5.7865978346456695
21
-4.2765874803149604
0
LINE
8
BLACK
6
CONTINUOUS
10
5.7865978346456695
20
-4.2765874803149604
11
5.7877590157480316
21
-4.2740449606299213
0
LINE
8
BLACK
6
CONTINUOUS
10
5.7877590157480316
20
-4.2740449606299213
11
5.7880003149606294
21
-4.2737857874015743
0
LINE
8
BLACK
6
CONTINUOUS
10
5.7880003149606294
20
-4.2737857874015743
11
5.872950708661417
21
-4.1888353937007876
0
LINE
8
BLACK
6
CONTINUOUS
10
5.872950708661417
20
-4.1888353937007876
11
5.872950866141732
21
-4.1888352362204726
0
LINE
8
BLACK
6
CONTINUOUS
10
5.872950866141732
20
-4.1888352362204726
11
5.8758609055118107
21
-4.1844799999999998
0
LINE
8
BLACK
6
CONTINUOUS
10
5.8758609055118107
20
-4.1844799999999998
11
5.8758609842519682
21
-4.1844799212598422
0
LINE
8
BLACK
6
CONTINUOUS
10
5.8758609842519682
20
-4.1844799212598422
11
5.8759908267716536
21
-4.1842855118110238
0
LINE
8
BLACK
6
CONTINUOUS
10
5.8759908267716536
20
-4.1842855118110238
11
5.8761844094488191
21
-4.183995866141732
0
LINE
8
BLACK
6
CONTINUOUS
10
5.8761844094488191
20
-4.183995866141732
11
5.8771070078740157
21
-4.1817685039370076
0
LINE
8
BLACK
6
CONTINUOUS
10
5.8771070078740157
20
-4.1817685039370076
11
5.8784117716535436
21
-4.1786185826771653
0
LINE
8
BLACK
6
CONTINUOUS
10
5.8784117716535436
20
-4.1786185826771653
11
5.8795472440944883
21
-4.1729101181102362
0
LINE
8
BLACK
6
CONTINUOUS
10
5.8795472440944883
20
-4.1729101181102362
11
5.8795472440944883
21
-4.1720079527559051
0
LINE
8
BLACK
6
CONTINUOUS
10
5.8795472440944883
20
-4.1720079527559051
11
5.8799248818897638
21
-4.1701094881889764
0
LINE
8
BLACK
6
CONTINUOUS
10
5.8799248818897638
20
-4.1701094881889764
11
5.8803046062992124
21
-4.1691927952755901
0
LINE
8
BLACK
6
CONTINUOUS
10
5.8803046062992124
20
-4.1691927952755901
11
5.8815157480314957
21
-4.163104015748031
0
LINE
8
BLACK
6
CONTINUOUS
10
5.8815157480314957
20
-4.163104015748031
11
5.8815157480314957
21
-4.1568959842519684
0
LINE
8
BLACK
6
CONTINUOUS
10
5.8815157480314957
20
-4.1568959842519684
11
5.8803046062992124
21
-4.1508072047244093
0
LINE
8
BLACK
6
CONTINUOUS
10
5.8803046062992124
20
-4.1508072047244093
11
5.877928897637795
21
-4.145071692913386
0
LINE
8
BLACK
6
CONTINUOUS
10
5.877928897637795
20
-4.145071692913386
11
5.8744798818897639
21
-4.1399098818897633
0
LINE
8
BLACK
6
CONTINUOUS
10
5.8744798818897639
20
-4.1399098818897633
11
5.8700901181102365
21
-4.1355201181102359
0
LINE
8
BLACK
6
CONTINUOUS
10
5.8700901181102365
20
-4.1355201181102359
11
5.8649283070866138
21
-4.1320711023622048
0
LINE
8
BLACK
6
CONTINUOUS
10
5.8649283070866138
20
-4.1320711023622048
11
5.8591927952755904
21
-4.1296953937007874
0
LINE
8
BLACK
6
CONTINUOUS
10
5.8591927952755904
20
-4.1296953937007874
11
5.8531040944881889
21
-4.1284842519685041
0
LINE
8
BLACK
6
CONTINUOUS
10
5.8531040944881889
20
-4.1284842519685041
11
5.8531040157480314
21
-4.1284842519685041
0
LINE
8
BLACK
6
CONTINUOUS
10
5.8531040157480314
20
-4.1284842519685041
11
5.8468959842519688
21
-4.1284842519685041
0
LINE
8
BLACK
6
CONTINUOUS
10
5.8468959842519688
20
-4.1284842519685041
11
5.8468958661417325
21
-4.1284842519685041
0
LINE
8
BLACK
6
CONTINUOUS
10
5.8468958661417325
20
-4.1284842519685041
11
5.840807165354331
21
-4.1296953937007874
0
LINE
8
BLACK
6
CONTINUOUS
10
6.9775358661417322
20
-4.6717849606299211
11
6.9727417716535429
21
-4.6800886220472444
0
LINE
8
BLACK
6
CONTINUOUS
10
6.9727417716535429
20
-4.6800886220472444
11
6.9727415354330704
21
-4.6800890551181098
0
LINE
8
BLACK
6
CONTINUOUS
10
6.9727415354330704
20
-4.6800890551181098
11
6.9690719685039371
21
-4.6889481889763776
0
LINE
8
BLACK
6
CONTINUOUS
10
6.9690719685039371
20
-4.6889481889763776
11
6.9665901181102363
21
-4.6982106299212596
0
LINE
8
BLACK
6
CONTINUOUS
10
6.9665901181102363
20
-4.6982106299212596
11
6.9653385826771652
21
-4.7077172047244096
0
LINE
8
BLACK
6
CONTINUOUS
10
6.9653385826771652
20
-4.7077172047244096
11
6.9653385826771652
21
-4.717306377952756
0
LINE
8
BLACK
6
CONTINUOUS
10
6.9653385826771652
20
-4.717306377952756
11
6.9665901181102363
21
-4.7268129527559051
0
LINE
8
BLACK
6
CONTINUOUS
10
6.9665901181102363
20
-4.7268129527559051
11
6.9690719685039371
21
-4.7360753937007871
0
LINE
8
BLACK
6
CONTINUOUS
10
6.9690719685039371
20
-4.7360753937007871
11
6.9727415354330704
21
-4.7449345275590549
0
LINE
8
BLACK
6
CONTINUOUS
10
6.9727415354330704
20
-4.7449345275590549
11
6.9727417716535429
21
-4.7449349606299212
0
LINE
8
BLACK
6
CONTINUOUS
10
6.9727417716535429
20
-4.7449349606299212
11
6.9775358661417322
21
-4.7532386220472436
0
LINE
8
BLACK
6
CONTINUOUS
10
6.9775358661417322
20
-4.7532386220472436
11
6.9775360236220472
21
-4.7532388582677161
0
LINE
8
BLACK
6
CONTINUOUS
10
6.9775360236220472
20
-4.7532388582677161
11
6.9801770472440943
21
-4.7566806692913381
0
LINE
8
BLACK
6
CONTINUOUS
10
6.9801770472440943
20
-4.7566806692913381
11
6.9801771259842518
21
-4.7566807086614169
0
LINE
8
BLACK
6
CONTINUOUS
10
6.9801771259842518
20
-4.7566807086614169
11
6.9946034251968499
21
-4.7422543700787401
0
LINE
8
BLACK
6
CONTINUOUS
10
6.9946034251968499
20
-4.7422543700787401
11
6.9931707086614168
21
-4.7402824015748033
0
LINE
8
BLACK
6
CONTINUOUS
10
6.9931707086614168
20
-4.7402824015748033
11
6.9893843700787404
21
-4.732851299212598
0
LINE
8
BLACK
6
CONTINUOUS
10
6.9893843700787404
20
-4.732851299212598
11
6.9868071259842521
21
-4.7249193307086612
0
LINE
8
BLACK
6
CONTINUOUS
10
6.9868071259842521
20
-4.7249193307086612
11
6.9855024409448818
21
-4.7166818897637794
0
LINE
8
BLACK
6
CONTINUOUS
10
6.9855024409448818
20
-4.7166818897637794
11
6.9855024409448818
21
-4.7083417322834649
0
LINE
8
BLACK
6
CONTINUOUS
10
6.9855024409448818
20
-4.7083417322834649
11
6.9868071259842521
21
-4.7001042913385822
0
LINE
8
BLACK
6
CONTINUOUS
10
6.9868071259842521
20
-4.7001042913385822
11
6.9893843700787404
21
-4.6921723228346455
0
LINE
8
BLACK
6
CONTINUOUS
10
6.9893843700787404
20
-4.6921723228346455
11
6.9931707086614168
21
-4.684741220472441
0
LINE
8
BLACK
6
CONTINUOUS
10
6.9931707086614168
20
-4.684741220472441
11
6.9946034251968499
21
-4.6827691732283467
0
LINE
8
BLACK
6
CONTINUOUS
10
6.9946034251968499
20
-4.6827691732283467
11
6.980177086614173
21
-4.668342834645669
0
LINE
8
BLACK
6
CONTINUOUS
10
6.980177086614173
20
-4.668342834645669
11
6.9775358661417322
21
-4.6717849606299211
0
LINE
8
BLACK
6
CONTINUOUS
10
7.1775358661417323
20
-4.4717849606299209
11
7.1727417716535431
21
-4.4800886220472442
0
LINE
8
BLACK
6
CONTINUOUS
10
7.1727417716535431
20
-4.4800886220472442
11
7.1727415354330706
21
-4.4800890551181105
0
LINE
8
BLACK
6
CONTINUOUS
10
7.1727415354330706
20
-4.4800890551181105
11
7.1690719685039372
21
-4.4889481889763783
0
LINE
8
BLACK
6
CONTINUOUS
10
7.1690719685039372
20
-4.4889481889763783
11
7.1665901181102365
21
-4.4982106299212594
0
LINE
8
BLACK
6
CONTINUOUS
10
7.1665901181102365
20
-4.4982106299212594
11
7.1653385826771654
21
-4.5077172047244094
0
LINE
8
BLACK
6
CONTINUOUS
10
7.1653385826771654
20
-4.5077172047244094
11
7.1653385826771654
21
-4.5173064566929133
0
LINE
8
BLACK
6
CONTINUOUS
10
7.1653385826771654
20
-4.5173064566929133
11
7.1658259055118112
21
-4.5210081102362203
0
LINE
8
BLACK
6
CONTINUOUS
10
7.1658259055118112
20
-4.5210081102362203
11
7.1653951968503939
21
-4.5237698818897636
0
LINE
8
BLACK
6
CONTINUOUS
10
7.1653951968503939
20
-4.5237698818897636
11
7.1635397637795277
21
-4.5258603543307085
0
LINE
8
BLACK
6
CONTINUOUS
10
7.1635397637795277
20
-4.5258603543307085
11
7.1608486220472436
21
-4.5266158267716534
0
LINE
8
BLACK
6
CONTINUOUS
10
7.1608486220472436
20
-4.5266158267716534
11
7.1596238582677163
21
-4.5264471653543303
0
LINE
8
BLACK
6
CONTINUOUS
10
7.1596238582677163
20
-4.5264471653543303
11
7.1558105511811023
21
-4.5254253937007869
0
LINE
8
BLACK
6
CONTINUOUS
10
7.1558105511811023
20
-4.5254253937007869
11
7.1442955905511809
21
-4.5239094488188973
0
LINE
8
BLACK
6
CONTINUOUS
10
7.1442955905511809
20
-4.5239094488188973
11
7.1442955118110234
21
-4.5239094488188973
0
LINE
8
BLACK
6
CONTINUOUS
10
7.1442955118110234
20
-4.5239094488188973
11
7.1326808661417322
21
-4.5239094488188973
0
LINE
8
BLACK
6
CONTINUOUS
10
7.1326808661417322
20
-4.5239094488188973
11
7.132680748031496
21
-4.5239094488188973
0
LINE
8
BLACK
6
CONTINUOUS
10
7.132680748031496
20
-4.5239094488188973
11
7.1211657874015746
21
-4.5254253937007869
0
LINE
8
BLACK
6
CONTINUOUS
10
7.1211657874015746
20
-4.5254253937007869
11
7.1173524803149606
21
-4.5264471653543303
0
LINE
8
BLACK
6
CONTINUOUS
10
7.1173524803149606
20
-4.5264471653543303
11
7.1145581102362199
21
-4.5263806299212597
0
LINE
8
BLACK
6
CONTINUOUS
10
7.1145581102362199
20
-4.5263806299212597
11
7.112243346456693
21
-4.5248138976377952
0
LINE
8
BLACK
6
CONTINUOUS
10
7.112243346456693
20
-4.5248138976377952
11
7.1111430708661416
21
-4.5222444094488186
0
LINE
8
BLACK
6
CONTINUOUS
10
7.1111430708661416
20
-4.5222444094488186
11
7.1111504330708657
21
-4.5210080708661415
0
LINE
8
BLACK
6
CONTINUOUS
10
7.1111504330708657
20
-4.5210080708661415
11
7.1116377559055115
21
-4.517306338582677
0
LINE
8
BLACK
6
CONTINUOUS
10
7.1116377559055115
20
-4.517306338582677
11
7.1116377952755903
21
-4.517306023622047
0
LINE
8
BLACK
6
CONTINUOUS
10
7.1116377952755903
20
-4.517306023622047
11
7.1116377952755903
21
-4.5077175984251969
0
LINE
8
BLACK
6
CONTINUOUS
10
7.1116377952755903
20
-4.5077175984251969
11
7.1116377559055115
21
-4.5077172047244094
0
LINE
8
BLACK
6
CONTINUOUS
10
7.1116377559055115
20
-4.5077172047244094
11
7.1103862204724404
21
-4.4982106299212594
0
LINE
8
BLACK
6
CONTINUOUS
10
7.1103862204724404
20
-4.4982106299212594
11
7.1079043700787397
21
-4.4889481889763783
0
LINE
8
BLACK
6
CONTINUOUS
10
7.1079043700787397
20
-4.4889481889763783
11
7.1042348031496063
21
-4.4800890551181105
0
LINE
8
BLACK
6
CONTINUOUS
10
7.1042348031496063
20
-4.4800890551181105
11
7.1042345669291338
21
-4.4800886220472442
0
LINE
8
BLACK
6
CONTINUOUS
10
7.1042345669291338
20
-4.4800886220472442
11
7.0994404724409446
21
-4.4717849606299209
0
LINE
8
BLACK
6
CONTINUOUS
10
7.0994404724409446
20
-4.4717849606299209
11
7.0994402755905508
21
-4.4717846850393697
0
LINE
8
BLACK
6
CONTINUOUS
10
7.0994402755905508
20
-4.4717846850393697
11
7.0967992125984249
21
-4.4683428346456688
0
LINE
8
BLACK
6
CONTINUOUS
10
7.0967992125984249
20
-4.4683428346456688
11
7.0823728740157481
21
-4.4827691338582678
0
LINE
8
BLACK
6
CONTINUOUS
10
7.0823728740157481
20
-4.4827691338582678
11
7.0838056692913387
21
-4.4847412204724408
0
LINE
8
BLACK
6
CONTINUOUS
10
7.0838056692913387
20
-4.4847412204724408
11
7.087592007874016
21
-4.4921723228346453
0
LINE
8
BLACK
6
CONTINUOUS
10
7.087592007874016
20
-4.4921723228346453
11
7.0901692519685033
21
-4.5001042913385829
0
LINE
8
BLACK
6
CONTINUOUS
10
7.0901692519685033
20
-4.5001042913385829
11
7.0914739370078737
21
-4.5083417322834647
0
LINE
8
BLACK
6
CONTINUOUS
10
7.0914739370078737
20
-4.5083417322834647
11
7.0914739370078737
21
-4.5166818897637793
0
LINE
8
BLACK
6
CONTINUOUS
10
7.0914739370078737
20
-4.5166818897637793
11
7.0901692519685033
21
-4.524919330708661
0
LINE
8
BLACK
6
CONTINUOUS
10
7.0901692519685033
20
-4.524919330708661
11
7.087592007874016
21
-4.5328512992125987
0
LINE
8
BLACK
6
CONTINUOUS
10
7.087592007874016
20
-4.5328512992125987
11
7.0838056692913387
21
-4.5402824015748031
0
LINE
8
BLACK
6
CONTINUOUS
10
7.0838056692913387
20
-4.5402824015748031
11
7.0789034645669293
21
-4.5470297244094491
0
LINE
8
BLACK
6
CONTINUOUS
10
7.0789034645669293
20
-4.5470297244094491
11
7.0730061023622044
21
-4.5529270866141731
0
LINE
8
BLACK
6
CONTINUOUS
10
7.0730061023622044
20
-4.5529270866141731
11
7.0662587795275593
21
-4.5578292913385825
0
LINE
8
BLACK
6
CONTINUOUS
10
7.0662587795275593
20
-4.5578292913385825
11
7.058827677165354
21
-4.5616156299212598
0
LINE
8
BLACK
6
CONTINUOUS
10
7.058827677165354
20
-4.5616156299212598
11
7.0508957086614172
21
-4.564192874015748
0
LINE
8
BLACK
6
CONTINUOUS
10
7.0508957086614172
20
-4.564192874015748
11
7.0426582677165355
21
-4.5654975590551183
0
LINE
8
BLACK
6
CONTINUOUS
10
7.0426582677165355
20
-4.5654975590551183
11
7.03431811023622
21
-4.5654975590551183
0
LINE
8
BLACK
6
CONTINUOUS
10
7.03431811023622
20
-4.5654975590551183
11
7.0260806692913382
21
-4.564192874015748
0
LINE
8
BLACK
6
CONTINUOUS
10
7.0260806692913382
20
-4.564192874015748
11
7.0181487007874015
21
-4.5616156299212598
0
LINE
8
BLACK
6
CONTINUOUS
10
7.0181487007874015
20
-4.5616156299212598
11
7.010717598425197
21
-4.5578292913385825
0
LINE
8
BLACK
6
CONTINUOUS
10
7.010717598425197
20
-4.5578292913385825
11
7.0087455118110231
21
-4.5563964960629919
0
LINE
8
BLACK
6
CONTINUOUS
10
7.0087455118110231
20
-4.5563964960629919
11
6.994319212598425
21
-4.5708228346456696
0
LINE
8
BLACK
6
CONTINUOUS
10
6.994319212598425
20
-4.5708228346456696
11
6.994319212598425
21
-4.5708228740157475
0
LINE
8
BLACK
6
CONTINUOUS
10
6.994319212598425
20
-4.5708228740157475
11
6.9977610629921259
21
-4.5734638976377955
0
LINE
8
BLACK
6
CONTINUOUS
10
6.9977610629921259
20
-4.5734638976377955
11
6.9977613385826771
21
-4.5734640944881892
0
LINE
8
BLACK
6
CONTINUOUS
10
6.9977613385826771
20
-4.5734640944881892
11
7.0060649999999995
21
-4.5782581889763776
0
LINE
8
BLACK
6
CONTINUOUS
10
7.0060649999999995
20
-4.5782581889763776
11
7.0060654330708658
21
-4.5782584251968501
0
LINE
8
BLACK
6
CONTINUOUS
10
7.0060654330708658
20
-4.5782584251968501
11
7.0149245669291336
21
-4.5819279921259843
0
LINE
8
BLACK
6
CONTINUOUS
10
7.0149245669291336
20
-4.5819279921259843
11
7.0241870078740156
21
-4.5844098425196851
0
LINE
8
BLACK
6
CONTINUOUS
10
7.0241870078740156
20
-4.5844098425196851
11
7.0336935826771656
21
-4.5856613779527562
0
LINE
8
BLACK
6
CONTINUOUS
10
7.0336935826771656
20
-4.5856613779527562
11
7.0336939763779522
21
-4.5856614173228349
0
LINE
8
BLACK
6
CONTINUOUS
10
7.0336939763779522
20
-4.5856614173228349
11
7.0432824015748032
21
-4.5856614173228349
0
LINE
8
BLACK
6
CONTINUOUS
10
7.0432824015748032
20
-4.5856614173228349
11
7.0432827165354333
21
-4.5856613779527562
0
LINE
8
BLACK
6
CONTINUOUS
10
7.0432827165354333
20
-4.5856613779527562
11
7.0469844488188977
21
-4.5851740551181104
0
LINE
8
BLACK
6
CONTINUOUS
10
7.0469844488188977
20
-4.5851740551181104
11
7.0497461811023623
21
-4.5856047244094489
0
LINE
8
BLACK
6
CONTINUOUS
10
7.0497461811023623
20
-4.5856047244094489
11
7.051836692913386
21
-4.5874601574803151
0
LINE
8
BLACK
6
CONTINUOUS
10
7.051836692913386
20
-4.5874601574803151
11
7.0525922047244096
21
-4.5901512598425196
0
LINE
8
BLACK
6
CONTINUOUS
10
7.0525922047244096
20
-4.5901512598425196
11
7.0524235433070865
21
-4.5913761023622044
0
LINE
8
BLACK
6
CONTINUOUS
10
7.0524235433070865
20
-4.5913761023622044
11
7.0514017716535431
21
-4.5951894094488184
0
LINE
8
BLACK
6
CONTINUOUS
10
7.0514017716535431
20
-4.5951894094488184
11
7.0498858267716535
21
-4.6067043700787398
0
LINE
8
BLACK
6
CONTINUOUS
10
7.0498858267716535
20
-4.6067043700787398
11
7.0498858267716535
21
-4.6183192125984247
0
LINE
8
BLACK
6
CONTINUOUS
10
7.0498858267716535
20
-4.6183192125984247
11
7.0514017716535431
21
-4.6298341732283461
0
LINE
8
BLACK
6
CONTINUOUS
10
7.0514017716535431
20
-4.6298341732283461
11
7.0524235433070865
21
-4.6336474803149601
0
LINE
8
BLACK
6
CONTINUOUS
10
7.0524235433070865
20
-4.6336474803149601
11
7.0523570078740159
21
-4.6364418110236221
0
LINE
8
BLACK
6
CONTINUOUS
10
7.0523570078740159
20
-4.6364418110236221
11
7.0507902755905514
21
-4.6387566141732286
0
LINE
8
BLACK
6
CONTINUOUS
10
7.0507902755905514
20
-4.6387566141732286
11
7.0482208267716535
21
-4.6398568897637791
0
LINE
8
BLACK
6
CONTINUOUS
10
7.0482208267716535
20
-4.6398568897637791
11
7.0469844881889765
21
-4.639849527559055
0
LINE
8
BLACK
6
CONTINUOUS
10
7.0469844881889765
20
-4.639849527559055
11
7.0432828346456695
21
-4.6393622047244092
0
LINE
8
BLACK
6
CONTINUOUS
10
7.0432828346456695
20
-4.6393622047244092
11
7.0336935826771656
21
-4.6393622047244092
0
LINE
8
BLACK
6
CONTINUOUS
10
7.0336935826771656
20
-4.6393622047244092
11
7.0241870078740156
21
-4.6406137401574803
0
LINE
8
BLACK
6
CONTINUOUS
10
7.0241870078740156
20
-4.6406137401574803
11
7.0149245669291336
21
-4.643095590551181
0
LINE
8
BLACK
6
CONTINUOUS
10
7.0149245669291336
20
-4.643095590551181
11
7.0060654330708658
21
-4.6467651574803153
0
LINE
8
BLACK
6
CONTINUOUS
10
7.0060654330708658
20
-4.6467651574803153
11
7.0060649999999995
21
-4.6467653937007869
0
LINE
8
BLACK
6
CONTINUOUS
10
7.0060649999999995
20
-4.6467653937007869
11
6.9977613385826771
21
-4.6515594881889761
0
LINE
8
BLACK
6
CONTINUOUS
10
6.9977613385826771
20
-4.6515594881889761
11
6.994319212598425
21
-4.654200708661417
0
LINE
8
BLACK
6
CONTINUOUS
10
6.994319212598425
20
-4.654200708661417
11
7.0087455511811019
21
-4.6686270472440947
0
LINE
8
BLACK
6
CONTINUOUS
10
7.0087455511811019
20
-4.6686270472440947
11
7.010717598425197
21
-4.6671943307086616
0
LINE
8
BLACK
6
CONTINUOUS
10
7.010717598425197
20
-4.6671943307086616
11
7.0181487007874015
21
-4.6634079921259843
0
LINE
8
BLACK
6
CONTINUOUS
10
7.0181487007874015
20
-4.6634079921259843
11
7.0260806692913382
21
-4.6608307480314961
0
LINE
8
BLACK
6
CONTINUOUS
10
7.0260806692913382
20
-4.6608307480314961
11
7.03431811023622
21
-4.6595260629921258
0
LINE
8
BLACK
6
CONTINUOUS
10
7.03431811023622
20
-4.6595260629921258
11
7.0426582677165355
21
-4.6595260629921258
0
LINE
8
BLACK
6
CONTINUOUS
10
7.0426582677165355
20
-4.6595260629921258
11
7.0508957086614172
21
-4.6608307480314961
0
LINE
8
BLACK
6
CONTINUOUS
10
7.0508957086614172
20
-4.6608307480314961
11
7.058827677165354
21
-4.6634079921259843
0
LINE
8
BLACK
6
CONTINUOUS
10
7.058827677165354
20
-4.6634079921259843
11
7.0662587795275593
21
-4.6671943307086616
0
LINE
8
BLACK
6
CONTINUOUS
10
7.0662587795275593
20
-4.6671943307086616
11
7.0730061023622044
21
-4.672096535433071
0
LINE
8
BLACK
6
CONTINUOUS
10
7.0730061023622044
20
-4.672096535433071
11
7.0789034645669293
21
-4.6779938976377951
0
LINE
8
BLACK
6
CONTINUOUS
10
7.0789034645669293
20
-4.6779938976377951
11
7.0838056692913387
21
-4.684741220472441
0
LINE
8
BLACK
6
CONTINUOUS
10
7.0838056692913387
20
-4.684741220472441
11
7.087592007874016
21
-4.6921723228346455
0
LINE
8
BLACK
6
CONTINUOUS
10
7.087592007874016
20
-4.6921723228346455
11
7.0901692519685033
21
-4.7001042913385822
0
LINE
8
BLACK
6
CONTINUOUS
10
7.0901692519685033
20
-4.7001042913385822
11
7.0914739370078737
21
-4.7083417322834649
0
LINE
8
BLACK
6
CONTINUOUS
10
7.0914739370078737
20
-4.7083417322834649
11
7.0914739370078737
21
-4.7166818897637794
0
LINE
8
BLACK
6
CONTINUOUS
10
7.0914739370078737
20
-4.7166818897637794
11
7.0901692519685033
21
-4.7249193307086612
0
LINE
8
BLACK
6
CONTINUOUS
10
7.0901692519685033
20
-4.7249193307086612
11
7.087592007874016
21
-4.732851299212598
0
LINE
8
BLACK
6
CONTINUOUS
10
7.087592007874016
20
-4.732851299212598
11
7.0838056692913387
21
-4.7402824015748033
0
LINE
8
BLACK
6
CONTINUOUS
10
7.0838056692913387
20
-4.7402824015748033
11
7.0823729133858269
21
-4.7422544094488188
0
LINE
8
BLACK
6
CONTINUOUS
10
7.0823729133858269
20
-4.7422544094488188
11
7.0967992125984249
21
-4.7566807086614169
0
LINE
8
BLACK
6
CONTINUOUS
10
7.0967992125984249
20
-4.7566807086614169
11
7.0994404724409446
21
-4.7532385826771648
0
LINE
8
BLACK
6
CONTINUOUS
10
7.0994404724409446
20
-4.7532385826771648
11
7.1042345669291338
21
-4.7449349606299212
0
LINE
8
BLACK
6
CONTINUOUS
10
7.1042345669291338
20
-4.7449349606299212
11
7.1042348031496063
21
-4.7449345275590549
0
LINE
8
BLACK
6
CONTINUOUS
10
7.1042348031496063
20
-4.7449345275590549
11
7.1079043700787397
21
-4.7360753937007871
0
LINE
8
BLACK
6
CONTINUOUS
10
7.1079043700787397
20
-4.7360753937007871
11
7.1103862204724404
21
-4.7268129527559051
0
LINE
8
BLACK
6
CONTINUOUS
10
7.1103862204724404
20
-4.7268129527559051
11
7.1116377559055115
21
-4.717306377952756
0
LINE
8
BLACK
6
CONTINUOUS
10
7.1116377559055115
20
-4.717306377952756
11
7.1116377952755903
21
-4.7173060236220472
0
LINE
8
BLACK
6
CONTINUOUS
10
7.1116377952755903
20
-4.7173060236220472
11
7.1116377952755903
21
-4.7077175984251971
0
LINE
8
BLACK
6
CONTINUOUS
10
7.1116377952755903
20
-4.7077175984251971
11
7.1116377559055115
21
-4.7077172047244096
0
LINE
8
BLACK
6
CONTINUOUS
10
7.1116377559055115
20
-4.7077172047244096
11
7.1111504330708657
21
-4.7040155118110238
0
LINE
8
BLACK
6
CONTINUOUS
10
7.1111504330708657
20
-4.7040155118110238
11
7.1115811023622042
21
-4.7012537401574805
0
LINE
8
BLACK
6
CONTINUOUS
10
7.1115811023622042
20
-4.7012537401574805
11
7.1134365748031492
21
-4.6991632677165356
0
LINE
8
BLACK
6
CONTINUOUS
10
7.1134365748031492
20
-4.6991632677165356
11
7.1161276377952758
21
-4.698407755905512
0
LINE
8
BLACK
6
CONTINUOUS
10
7.1161276377952758
20
-4.698407755905512
11
7.1173523622047243
21
-4.6985763779527554
0
LINE
8
BLACK
6
CONTINUOUS
10
7.1173523622047243
20
-4.6985763779527554
11
7.1211656299212596
21
-4.6995981496062988
0
LINE
8
BLACK
6
CONTINUOUS
10
7.1211656299212596
20
-4.6995981496062988
11
7.1211658661417321
21
-4.6995981496062988
0
LINE
8
BLACK
6
CONTINUOUS
10
7.1211658661417321
20
-4.6995981496062988
11
7.1211659055118108
21
-4.6995981889763776
0
LINE
8
BLACK
6
CONTINUOUS
10
7.1211659055118108
20
-4.6995981889763776
11
7.1224871653543307
21
-4.6997721259842518
0
LINE
8
BLACK
6
CONTINUOUS
10
7.1224871653543307
20
-4.6997721259842518
11
7.1326808661417322
21
-4.7011141732283468
0
LINE
8
BLACK
6
CONTINUOUS
10
7.1326808661417322
20
-4.7011141732283468
11
7.1326811417322835
21
-4.7011141732283468
0
LINE
8
BLACK
6
CONTINUOUS
10
7.1326811417322835
20
-4.7011141732283468
11
7.1442952362204721
21
-4.7011141732283468
0
LINE
8
BLACK
6
CONTINUOUS
10
7.1442952362204721
20
-4.7011141732283468
11
7.1442955118110234
21
-4.7011141732283468
0
LINE
8
BLACK
6
CONTINUOUS
10
7.1442955118110234
20
-4.7011141732283468
11
7.1558107480314961
21
-4.6995981496062988
0
LINE
8
BLACK
6
CONTINUOUS
10
7.1558107480314961
20
-4.6995981496062988
11
7.1596238976377951
21
-4.6985764173228342
0
LINE
8
BLACK
6
CONTINUOUS
10
7.1596238976377951
20
-4.6985764173228342
11
7.1624181102362199
21
-4.698642913385827
0
LINE
8
BLACK
6
CONTINUOUS
10
7.1624181102362199
20
-4.698642913385827
11
7.1647329133858264
21
-4.7002095669291339
0
LINE
8
BLACK
6
CONTINUOUS
10
7.1647329133858264
20
-4.7002095669291339
11
7.1658332677165353
21
-4.7027790157480318
0
LINE
8
BLACK
6
CONTINUOUS
10
7.1658332677165353
20
-4.7027790157480318
11
7.1658259055118112
21
-4.7040154330708663
0
LINE
8
BLACK
6
CONTINUOUS
10
7.1658259055118112
20
-4.7040154330708663
11
7.1653385826771654
21
-4.7077171259842521
0
LINE
8
BLACK
6
CONTINUOUS
10
7.1653385826771654
20
-4.7077171259842521
11
7.1653385826771654
21
-4.717306377952756
0
LINE
8
BLACK
6
CONTINUOUS
10
7.1653385826771654
20
-4.717306377952756
11
7.1665901181102365
21
-4.7268129527559051
0
LINE
8
BLACK
6
CONTINUOUS
10
7.1665901181102365
20
-4.7268129527559051
11
7.1690719685039372
21
-4.7360753937007871
0
LINE
8
BLACK
6
CONTINUOUS
10
7.1690719685039372
20
-4.7360753937007871
11
7.1727415354330706
21
-4.7449345275590549
0
LINE
8
BLACK
6
CONTINUOUS
10
7.1727415354330706
20
-4.7449345275590549
11
7.1727417716535431
21
-4.7449349606299212
0
LINE
8
BLACK
6
CONTINUOUS
10
7.1727417716535431
20
-4.7449349606299212
11
7.1775358661417323
21
-4.7532386220472436
0
LINE
8
BLACK
6
CONTINUOUS
10
7.1775358661417323
20
-4.7532386220472436
11
7.1775360236220473
21
-4.7532388582677161
0
LINE
8
BLACK
6
CONTINUOUS
10
7.1775360236220473
20
-4.7532388582677161
11
7.1801770472440944
21
-4.7566806692913381
0
LINE
8
BLACK
6
CONTINUOUS
10
7.1801770472440944
20
-4.7566806692913381
11
7.1801770866141732
21
-4.7566807086614169
0
LINE
8
BLACK
6
CONTINUOUS
10
7.1801770866141732
20
-4.7566807086614169
11
7.1946033858267713
21
-4.7422543700787401
0
LINE
8
BLACK
6
CONTINUOUS
10
7.1946033858267713
20
-4.7422543700787401
11
7.1931707086614169
21
-4.7402824015748033
0
LINE
8
BLACK
6
CONTINUOUS
10
7.1931707086614169
20
-4.7402824015748033
11
7.1893843700787397
21
-4.732851299212598
0
LINE
8
BLACK
6
CONTINUOUS
10
7.1893843700787397
20
-4.732851299212598
11
7.1868071259842514
21
-4.7249193307086612
0
LINE
8
BLACK
6
CONTINUOUS
10
7.1868071259842514
20
-4.7249193307086612
11
7.185502440944882
21
-4.7166818897637794
0
LINE
8
BLACK
6
CONTINUOUS
10
7.185502440944882
20
-4.7166818897637794
11
7.185502440944882
21
-4.7083417322834649
0
LINE
8
BLACK
6
CONTINUOUS
10
7.185502440944882
20
-4.7083417322834649
11
7.1868071259842514
21
-4.7001042913385822
0
LINE
8
BLACK
6
CONTINUOUS
10
7.1868071259842514
20
-4.7001042913385822
11
7.1893843700787397
21
-4.6921723228346455
0
LINE
8
BLACK
6
CONTINUOUS
10
7.1893843700787397
20
-4.6921723228346455
11
7.1931707086614169
21
-4.684741220472441
0
LINE
8
BLACK
6
CONTINUOUS
10
7.1931707086614169
20
-4.684741220472441
11
7.1980729133858263
21
-4.6779938976377951
0
LINE
8
BLACK
6
CONTINUOUS
10
7.1980729133858263
20
-4.6779938976377951
11
7.2039702755905513
21
-4.672096535433071
0
LINE
8
BLACK
6
CONTINUOUS
10
7.2039702755905513
20
-4.672096535433071
11
7.2107175984251963
21
-4.6671943307086616
0
LINE
8
BLACK
6
CONTINUOUS
10
7.2107175984251963
20
-4.6671943307086616
11
7.2181487007874017
21
-4.6634079921259843
0
LINE
8
BLACK
6
CONTINUOUS
10
7.2181487007874017
20
-4.6634079921259843
11
7.2260806692913384
21
-4.6608307480314961
0
LINE
8
BLACK
6
CONTINUOUS
10
7.2260806692913384
20
-4.6608307480314961
11
7.2343181102362202
21
-4.6595260629921258
0
LINE
8
BLACK
6
CONTINUOUS
10
7.2343181102362202
20
-4.6595260629921258
11
7.2426582677165356
21
-4.6595260629921258
0
LINE
8
BLACK
6
CONTINUOUS
10
7.2426582677165356
20
-4.6595260629921258
11
7.2508957086614174
21
-4.6608307480314961
0
LINE
8
BLACK
6
CONTINUOUS
10
7.2508957086614174
20
-4.6608307480314961
11
7.2588276771653542
21
-4.6634079921259843
0
LINE
8
BLACK
6
CONTINUOUS
10
7.2588276771653542
20
-4.6634079921259843
11
7.2662587795275586
21
-4.6671943307086616
0
LINE
8
BLACK
6
CONTINUOUS
10
7.2662587795275586
20
-4.6671943307086616
11
7.2682307480314963
21
-4.668627007874016
0
LINE
8
BLACK
6
CONTINUOUS
10
7.2682307480314963
20
-4.668627007874016
11
7.2826570866141731
21
-4.654200708661417
0
LINE
8
BLACK
6
CONTINUOUS
10
7.2826570866141731
20
-4.654200708661417
11
7.2826570472440944
21
-4.6542006692913382
0
LINE
8
BLACK
6
CONTINUOUS
10
7.2826570472440944
20
-4.6542006692913382
11
7.2792152362204723
21
-4.6515596456692911
0
LINE
8
BLACK
6
CONTINUOUS
10
7.2792152362204723
20
-4.6515596456692911
11
7.2792149999999998
21
-4.6515594881889761
0
LINE
8
BLACK
6
CONTINUOUS
10
7.2792149999999998
20
-4.6515594881889761
11
7.2709113385826774
21
-4.6467653937007869
0
LINE
8
BLACK
6
CONTINUOUS
10
7.2709113385826774
20
-4.6467653937007869
11
7.2709109055118111
21
-4.6467651574803153
0
LINE
8
BLACK
6
CONTINUOUS
10
7.2709109055118111
20
-4.6467651574803153
11
7.2620517716535433
21
-4.643095590551181
0
LINE
8
BLACK
6
CONTINUOUS
10
7.2620517716535433
20
-4.643095590551181
11
7.2527893307086613
21
-4.6406137401574803
0
LINE
8
BLACK
6
CONTINUOUS
10
7.2527893307086613
20
-4.6406137401574803
11
7.2432827559055113
21
-4.6393622047244092
0
LINE
8
BLACK
6
CONTINUOUS
10
7.2432827559055113
20
-4.6393622047244092
11
7.2336935039370074
21
-4.6393622047244092
0
LINE
8
BLACK
6
CONTINUOUS
10
7.2336935039370074
20
-4.6393622047244092
11
7.2299918110236217
21
-4.639849527559055
0
LINE
8
BLACK
6
CONTINUOUS
10
7.2299918110236217
20
-4.639849527559055
11
7.2272300393700784
21
-4.6394188188976377
0
LINE
8
BLACK
6
CONTINUOUS
10
7.2272300393700784
20
-4.6394188188976377
11
7.2251395669291334
21
-4.6375633464566928
0
LINE
8
BLACK
6
CONTINUOUS
10
7.2251395669291334
20
-4.6375633464566928
11
7.2243840944881885
21
-4.6348722440944883
0
LINE
8
BLACK
6
CONTINUOUS
10
7.2243840944881885
20
-4.6348722440944883
11
7.2245527952755904
21
-4.6336474803149601
0
LINE
8
BLACK
6
CONTINUOUS
10
7.2245527952755904
20
-4.6336474803149601
11
7.225574527559055
21
-4.6298343700787399
0
LINE
8
BLACK
6
CONTINUOUS
10
7.225574527559055
20
-4.6298343700787399
11
7.2270905511811021
21
-4.6183191338582672
0
LINE
8
BLACK
6
CONTINUOUS
10
7.2270905511811021
20
-4.6183191338582672
11
7.2270905511811021
21
-4.606704488188976
0
LINE
8
BLACK
6
CONTINUOUS
10
7.2270905511811021
20
-4.606704488188976
11
7.225574527559055
21
-4.5951892519685043
0
LINE
8
BLACK
6
CONTINUOUS
10
7.225574527559055
20
-4.5951892519685043
11
7.2245527952755904
21
-4.5913760629921256
0
LINE
8
BLACK
6
CONTINUOUS
10
7.2245527952755904
20
-4.5913760629921256
11
7.224619330708661
21
-4.5885817716535433
0
LINE
8
BLACK
6
CONTINUOUS
10
7.224619330708661
20
-4.5885817716535433
11
7.2261860236220468
21
-4.5862670078740155
0
LINE
8
BLACK
6
CONTINUOUS
10
7.2261860236220468
20
-4.5862670078740155
11
7.2287555118110234
21
-4.5851666929133854
0
LINE
8
BLACK
6
CONTINUOUS
10
7.2287555118110234
20
-4.5851666929133854
11
7.2299918897637792
21
-4.5851740551181104
0
LINE
8
BLACK
6
CONTINUOUS
10
7.2299918897637792
20
-4.5851740551181104
11
7.2336935826771649
21
-4.5856613779527562
0
LINE
8
BLACK
6
CONTINUOUS
10
7.2336935826771649
20
-4.5856613779527562
11
7.2336939763779524
21
-4.5856614173228349
0
LINE
8
BLACK
6
CONTINUOUS
10
7.2336939763779524
20
-4.5856614173228349
11
7.2432824015748034
21
-4.5856614173228349
0
LINE
8
BLACK
6
CONTINUOUS
10
7.2432824015748034
20
-4.5856614173228349
11
7.2432827559055113
21
-4.5856613779527562
0
LINE
8
BLACK
6
CONTINUOUS
10
7.2432827559055113
20
-4.5856613779527562
11
7.2527893307086613
21
-4.5844098425196851
0
LINE
8
BLACK
6
CONTINUOUS
10
7.2527893307086613
20
-4.5844098425196851
11
7.2620517716535433
21
-4.5819279921259843
0
LINE
8
BLACK
6
CONTINUOUS
10
7.2620517716535433
20
-4.5819279921259843
11
7.2709109055118111
21
-4.5782584251968501
0
LINE
8
BLACK
6
CONTINUOUS
10
7.2709109055118111
20
-4.5782584251968501
11
7.2709113385826774
21
-4.5782581889763776
0
LINE
8
BLACK
6
CONTINUOUS
10
7.2709113385826774
20
-4.5782581889763776
11
7.279214960629921
21
-4.5734640944881892
0
LINE
8
BLACK
6
CONTINUOUS
10
7.279214960629921
20
-4.5734640944881892
11
7.2826570866141731
21
-4.5708228346456696
0
LINE
8
BLACK
6
CONTINUOUS
10
7.2826570866141731
20
-4.5708228346456696
11
7.268230787401575
21
-4.5563965354330707
0
LINE
8
BLACK
6
CONTINUOUS
10
7.268230787401575
20
-4.5563965354330707
11
7.2662587795275586
21
-4.5578292913385825
0
LINE
8
BLACK
6
CONTINUOUS
10
7.2662587795275586
20
-4.5578292913385825
11
7.2588276771653542
21
-4.5616156299212598
0
LINE
8
BLACK
6
CONTINUOUS
10
7.2588276771653542
20
-4.5616156299212598
11
7.2508957086614174
21
-4.564192874015748
0
LINE
8
BLACK
6
CONTINUOUS
10
7.2508957086614174
20
-4.564192874015748
11
7.2426582677165356
21
-4.5654975590551183
0
LINE
8
BLACK
6
CONTINUOUS
10
7.2426582677165356
20
-4.5654975590551183
11
7.2343181102362202
21
-4.5654975590551183
0
LINE
8
BLACK
6
CONTINUOUS
10
7.2343181102362202
20
-4.5654975590551183
11
7.2260806692913384
21
-4.564192874015748
0
LINE
8
BLACK
6
CONTINUOUS
10
7.2260806692913384
20
-4.564192874015748
11
7.2181487007874017
21
-4.5616156299212598
0
LINE
8
BLACK
6
CONTINUOUS
10
7.2181487007874017
20
-4.5616156299212598
11
7.2107175984251963
21
-4.5578292913385825
0
LINE
8
BLACK
6
CONTINUOUS
10
7.2107175984251963
20
-4.5578292913385825
11
7.2039702755905513
21
-4.5529270866141731
0
LINE
8
BLACK
6
CONTINUOUS
10
7.2039702755905513
20
-4.5529270866141731
11
7.1980729133858263
21
-4.5470297244094491
0
LINE
8
BLACK
6
CONTINUOUS
10
7.1980729133858263
20
-4.5470297244094491
11
7.1931707086614169
21
-4.5402824015748031
0
LINE
8
BLACK
6
CONTINUOUS
10
7.1931707086614169
20
-4.5402824015748031
11
7.1893843700787397
21
-4.5328512992125987
0
LINE
8
BLACK
6
CONTINUOUS
10
7.1893843700787397
20
-4.5328512992125987
11
7.1868071259842514
21
-4.524919330708661
0
LINE
8
BLACK
6
CONTINUOUS
10
7.1868071259842514
20
-4.524919330708661
11
7.185502440944882
21
-4.5166818897637793
0
LINE
8
BLACK
6
CONTINUOUS
10
7.185502440944882
20
-4.5166818897637793
11
7.185502440944882
21
-4.5083417322834647
0
LINE
8
BLACK
6
CONTINUOUS
10
7.185502440944882
20
-4.5083417322834647
11
7.1868071259842514
21
-4.5001042913385829
0
LINE
8
BLACK
6
CONTINUOUS
10
7.1868071259842514
20
-4.5001042913385829
11
7.1893843700787397
21
-4.4921723228346453
0
LINE
8
BLACK
6
CONTINUOUS
10
7.1893843700787397
20
-4.4921723228346453
11
7.1931707086614169
21
-4.4847412204724408
0
LINE
8
BLACK
6
CONTINUOUS
10
7.1931707086614169
20
-4.4847412204724408
11
7.19460342519685
21
-4.4827691732283466
0
LINE
8
BLACK
6
CONTINUOUS
10
7.19460342519685
20
-4.4827691732283466
11
7.1801770866141732
21
-4.4683428346456688
0
LINE
8
BLACK
6
CONTINUOUS
10
7.1801770866141732
20
-4.4683428346456688
11
7.1775358661417323
21
-4.4717849606299209
0
LINE
8
BLACK
6
CONTINUOUS
10
7.2823728740157483
20
-4.682769133858268
11
7.283805669291338
21
-4.684741220472441
0
LINE
8
BLACK
6
CONTINUOUS
10
7.283805669291338
20
-4.684741220472441
11
7.2875920078740153
21
-4.6921723228346455
0
LINE
8
BLACK
6
CONTINUOUS
10
7.2875920078740153
20
-4.6921723228346455
11
7.2901692519685035
21
-4.7001042913385822
0
LINE
8
BLACK
6
CONTINUOUS
10
7.2901692519685035
20
-4.7001042913385822
11
7.2914739370078738
21
-4.7083417322834649
0
LINE
8
BLACK
6
CONTINUOUS
10
7.2914739370078738
20
-4.7083417322834649
11
7.2914739370078738
21
-4.7166818897637794
0
LINE
8
BLACK
6
CONTINUOUS
10
7.2914739370078738
20
-4.7166818897637794
11
7.2901692519685035
21
-4.7249193307086612
0
LINE
8
BLACK
6
CONTINUOUS
10
7.2901692519685035
20
-4.7249193307086612
11
7.2875920078740153
21
-4.732851299212598
0
LINE
8
BLACK
6
CONTINUOUS
10
7.2875920078740153
20
-4.732851299212598
11
7.283805669291338
21
-4.7402824015748033
0
LINE
8
BLACK
6
CONTINUOUS
10
7.283805669291338
20
-4.7402824015748033
11
7.282372913385827
21
-4.7422544094488188
0
LINE
8
BLACK
6
CONTINUOUS
10
7.282372913385827
20
-4.7422544094488188
11
7.2967992125984251
21
-4.7566807086614169
0
LINE
8
BLACK
6
CONTINUOUS
10
7.2967992125984251
20
-4.7566807086614169
11
7.2994404724409447
21
-4.7532385826771648
0
LINE
8
BLACK
6
CONTINUOUS
10
7.2994404724409447
20
-4.7532385826771648
11
7.304234566929134
21
-4.7449349606299212
0
LINE
8
BLACK
6
CONTINUOUS
10
7.304234566929134
20
-4.7449349606299212
11
7.3042348031496065
21
-4.7449345275590549
0
LINE
8
BLACK
6
CONTINUOUS
10
7.3042348031496065
20
-4.7449345275590549
11
7.3079043700787398
21
-4.7360753937007871
0
LINE
8
BLACK
6
CONTINUOUS
10
7.3079043700787398
20
-4.7360753937007871
11
7.3103862204724406
21
-4.7268129527559051
0
LINE
8
BLACK
6
CONTINUOUS
10
7.3103862204724406
20
-4.7268129527559051
11
7.3116377559055117
21
-4.717306377952756
0
LINE
8
BLACK
6
CONTINUOUS
10
7.3116377559055117
20
-4.717306377952756
11
7.3116377952755904
21
-4.7173060236220472
0
LINE
8
BLACK
6
CONTINUOUS
10
7.3116377952755904
20
-4.7173060236220472
11
7.3116377952755904
21
-4.7077175984251971
0
LINE
8
BLACK
6
CONTINUOUS
10
7.3116377952755904
20
-4.7077175984251971
11
7.3116377559055117
21
-4.7077172047244096
0
LINE
8
BLACK
6
CONTINUOUS
10
7.3116377559055117
20
-4.7077172047244096
11
7.3103862204724406
21
-4.6982106299212596
0
LINE
8
BLACK
6
CONTINUOUS
10
7.3103862204724406
20
-4.6982106299212596
11
7.3079043700787398
21
-4.6889481889763776
0
LINE
8
BLACK
6
CONTINUOUS
10
7.3079043700787398
20
-4.6889481889763776
11
7.3042348031496065
21
-4.6800890551181098
0
LINE
8
BLACK
6
CONTINUOUS
10
7.3042348031496065
20
-4.6800890551181098
11
7.304234566929134
21
-4.6800886220472444
0
LINE
8
BLACK
6
CONTINUOUS
10
7.304234566929134
20
-4.6800886220472444
11
7.2994404724409447
21
-4.6717849606299211
0
LINE
8
BLACK
6
CONTINUOUS
10
7.2994404724409447
20
-4.6717849606299211
11
7.299440275590551
21
-4.6717846850393698
0
LINE
8
BLACK
6
CONTINUOUS
10
7.299440275590551
20
-4.6717846850393698
11
7.2967992125984251
21
-4.668342834645669
0
LINE
8
BLACK
6
CONTINUOUS
10
7.2967992125984251
20
-4.668342834645669
11
7.2823728740157483
21
-4.682769133858268
0
LINE
8
BLACK
6
CONTINUOUS
10
6.9775358661417322
20
-4.4717849606299209
11
6.9727417716535429
21
-4.4800886220472442
0
LINE
8
BLACK
6
CONTINUOUS
10
6.9727417716535429
20
-4.4800886220472442
11
6.9727415354330704
21
-4.4800890551181105
0
LINE
8
BLACK
6
CONTINUOUS
10
6.9727415354330704
20
-4.4800890551181105
11
6.9690719685039371
21
-4.4889481889763783
0
LINE
8
BLACK
6
CONTINUOUS
10
6.9690719685039371
20
-4.4889481889763783
11
6.9665901181102363
21
-4.4982106299212594
0
LINE
8
BLACK
6
CONTINUOUS
10
6.9665901181102363
20
-4.4982106299212594
11
6.9653385826771652
21
-4.5077172047244094
0
LINE
8
BLACK
6
CONTINUOUS
10
6.9653385826771652
20
-4.5077172047244094
11
6.9653385826771652
21
-4.5173063779527558
0
LINE
8
BLACK
6
CONTINUOUS
10
6.9653385826771652
20
-4.5173063779527558
11
6.9665901181102363
21
-4.5268129527559058
0
LINE
8
BLACK
6
CONTINUOUS
10
6.9665901181102363
20
-4.5268129527559058
11
6.9690719685039371
21
-4.5360753937007869
0
LINE
8
BLACK
6
CONTINUOUS
10
6.9690719685039371
20
-4.5360753937007869
11
6.9727415354330704
21
-4.5449345275590547
0
LINE
8
BLACK
6
CONTINUOUS
10
6.9727415354330704
20
-4.5449345275590547
11
6.9727417716535429
21
-4.544934960629921
0
LINE
8
BLACK
6
CONTINUOUS
10
6.9727417716535429
20
-4.544934960629921
11
6.9775358661417322
21
-4.5532386220472443
0
LINE
8
BLACK
6
CONTINUOUS
10
6.9775358661417322
20
-4.5532386220472443
11
6.9775360236220472
21
-4.5532388582677168
0
LINE
8
BLACK
6
CONTINUOUS
10
6.9775360236220472
20
-4.5532388582677168
11
6.9801770472440943
21
-4.5566806692913389
0
LINE
8
BLACK
6
CONTINUOUS
10
6.9801770472440943
20
-4.5566806692913389
11
6.9801771259842518
21
-4.5566807086614176
0
LINE
8
BLACK
6
CONTINUOUS
10
6.9801771259842518
20
-4.5566807086614176
11
6.9946034251968499
21
-4.5422543700787399
0
LINE
8
BLACK
6
CONTINUOUS
10
6.9946034251968499
20
-4.5422543700787399
11
6.9931707086614168
21
-4.5402824015748031
0
LINE
8
BLACK
6
CONTINUOUS
10
6.9931707086614168
20
-4.5402824015748031
11
6.9893843700787404
21
-4.5328512992125987
0
LINE
8
BLACK
6
CONTINUOUS
10
6.9893843700787404
20
-4.5328512992125987
11
6.9868071259842521
21
-4.524919330708661
0
LINE
8
BLACK
6
CONTINUOUS
10
6.9868071259842521
20
-4.524919330708661
11
6.9855024409448818
21
-4.5166818897637793
0
LINE
8
BLACK
6
CONTINUOUS
10
6.9855024409448818
20
-4.5166818897637793
11
6.9855024409448818
21
-4.5083417322834647
0
LINE
8
BLACK
6
CONTINUOUS
10
6.9855024409448818
20
-4.5083417322834647
11
6.9868071259842521
21
-4.5001042913385829
0
LINE
8
BLACK
6
CONTINUOUS
10
6.9868071259842521
20
-4.5001042913385829
11
6.9893843700787404
21
-4.4921723228346453
0
LINE
8
BLACK
6
CONTINUOUS
10
6.9893843700787404
20
-4.4921723228346453
11
6.9931707086614168
21
-4.4847412204724408
0
LINE
8
BLACK
6
CONTINUOUS
10
6.9931707086614168
20
-4.4847412204724408
11
6.9946034251968499
21
-4.4827691732283466
0
LINE
8
BLACK
6
CONTINUOUS
10
6.9946034251968499
20
-4.4827691732283466
11
6.980177086614173
21
-4.4683428346456688
0
LINE
8
BLACK
6
CONTINUOUS
10
6.980177086614173
20
-4.4683428346456688
11
6.9775358661417322
21
-4.4717849606299209
0
LINE
8
BLACK
6
CONTINUOUS
10
7.2823728740157483
20
-4.4827691338582678
11
7.283805669291338
21
-4.4847412204724408
0
LINE
8
BLACK
6
CONTINUOUS
10
7.283805669291338
20
-4.4847412204724408
11
7.2875920078740153
21
-4.4921723228346453
0
LINE
8
BLACK
6
CONTINUOUS
10
7.2875920078740153
20
-4.4921723228346453
11
7.2901692519685035
21
-4.5001042913385829
0
LINE
8
BLACK
6
CONTINUOUS
10
7.2901692519685035
20
-4.5001042913385829
11
7.2914739370078738
21
-4.5083417322834647
0
LINE
8
BLACK
6
CONTINUOUS
10
7.2914739370078738
20
-4.5083417322834647
11
7.2914739370078738
21
-4.5166818897637793
0
LINE
8
BLACK
6
CONTINUOUS
10
7.2914739370078738
20
-4.5166818897637793
11
7.2901692519685035
21
-4.524919330708661
0
LINE
8
BLACK
6
CONTINUOUS
10
7.2901692519685035
20
-4.524919330708661
11
7.2875920078740153
21
-4.5328512992125987
0
LINE
8
BLACK
6
CONTINUOUS
10
7.2875920078740153
20
-4.5328512992125987
11
7.283805669291338
21
-4.5402824015748031
0
LINE
8
BLACK
6
CONTINUOUS
10
7.283805669291338
20
-4.5402824015748031
11
7.282372913385827
21
-4.5422544094488186
0
LINE
8
BLACK
6
CONTINUOUS
10
7.282372913385827
20
-4.5422544094488186
11
7.2967992125984251
21
-4.5566807086614176
0
LINE
8
BLACK
6
CONTINUOUS
10
7.2967992125984251
20
-4.5566807086614176
11
7.2994404724409447
21
-4.5532385826771655
0
LINE
8
BLACK
6
CONTINUOUS
10
7.2994404724409447
20
-4.5532385826771655
11
7.304234566929134
21
-4.544934960629921
0
LINE
8
BLACK
6
CONTINUOUS
10
7.304234566929134
20
-4.544934960629921
11
7.3042348031496065
21
-4.5449345275590547
0
LINE
8
BLACK
6
CONTINUOUS
10
7.3042348031496065
20
-4.5449345275590547
11
7.3079043700787398
21
-4.5360753937007869
0
LINE
8
BLACK
6
CONTINUOUS
10
7.3079043700787398
20
-4.5360753937007869
11
7.3103862204724406
21
-4.5268129527559058
0
LINE
8
BLACK
6
CONTINUOUS
10
7.3103862204724406
20
-4.5268129527559058
11
7.3116377559055117
21
-4.5173063779527558
0
LINE
8
BLACK
6
CONTINUOUS
10
7.3116377559055117
20
-4.5173063779527558
11
7.3116377952755904
21
-4.517306023622047
0
LINE
8
BLACK
6
CONTINUOUS
10
7.3116377952755904
20
-4.517306023622047
11
7.3116377952755904
21
-4.5077175984251969
0
LINE
8
BLACK
6
CONTINUOUS
10
7.3116377952755904
20
-4.5077175984251969
11
7.3116377559055117
21
-4.5077172047244094
0
LINE
8
BLACK
6
CONTINUOUS
10
7.3116377559055117
20
-4.5077172047244094
11
7.3103862204724406
21
-4.4982106299212594
0
LINE
8
BLACK
6
CONTINUOUS
10
7.3103862204724406
20
-4.4982106299212594
11
7.3079043700787398
21
-4.4889481889763783
0
LINE
8
BLACK
6
CONTINUOUS
10
7.3079043700787398
20
-4.4889481889763783
11
7.3042348031496065
21
-4.4800890551181105
0
LINE
8
BLACK
6
CONTINUOUS
10
7.3042348031496065
20
-4.4800890551181105
11
7.304234566929134
21
-4.4800886220472442
0
LINE
8
BLACK
6
CONTINUOUS
10
7.304234566929134
20
-4.4800886220472442
11
7.2994404724409447
21
-4.4717849606299209
0
LINE
8
BLACK
6
CONTINUOUS
10
7.2994404724409447
20
-4.4717849606299209
11
7.299440275590551
21
-4.4717846850393697
0
LINE
8
BLACK
6
CONTINUOUS
10
7.299440275590551
20
-4.4717846850393697
11
7.2967992125984251
21
-4.4683428346456688
0
LINE
8
BLACK
6
CONTINUOUS
10
7.2967992125984251
20
-4.4683428346456688
11
7.2823728740157483
21
-4.4827691338582678
0
LINE
8
BLACK
6
CONTINUOUS
10
5.7520590551181101
20
-4.5065176771653546
11
5.7526483070866137
21
-4.5094799606299212
0
LINE
8
BLACK
6
CONTINUOUS
10
5.7526483070866137
20
-4.5094799606299212
11
5.7532701968503934
21
-4.5126063779527561
0
LINE
8
BLACK
6
CONTINUOUS
10
5.7532701968503934
20
-4.5126063779527561
11
5.7556459055118108
21
-4.5183418897637795
0
LINE
8
BLACK
6
CONTINUOUS
10
5.7556459055118108
20
-4.5183418897637795
11
5.7590949212598428
21
-4.5235037007874013
0
LINE
8
BLACK
6
CONTINUOUS
10
5.7590949212598428
20
-4.5235037007874013
11
5.7634846850393702
21
-4.5278934645669286
0
LINE
8
BLACK
6
CONTINUOUS
10
5.7634846850393702
20
-4.5278934645669286
11
5.768646496062992
21
-4.5313424803149607
0
LINE
8
BLACK
6
CONTINUOUS
10
5.768646496062992
20
-4.5313424803149607
11
5.7743820078740153
21
-4.533718188976378
0
LINE
8
BLACK
6
CONTINUOUS
10
5.7743820078740153
20
-4.533718188976378
11
5.7804707874015744
21
-4.5349293307086613
0
LINE
8
BLACK
6
CONTINUOUS
10
5.7804707874015744
20
-4.5349293307086613
11
5.7804708267716531
21
-4.5349293307086613
0
LINE
8
BLACK
6
CONTINUOUS
10
5.7804708267716531
20
-4.5349293307086613
11
5.7866787795275592
21
-4.5349293307086613
0
LINE
8
BLACK
6
CONTINUOUS
10
5.7866787795275592
20
-4.5349293307086613
11
5.7866788188976379
21
-4.5349293307086613
0
LINE
8
BLACK
6
CONTINUOUS
10
5.7866788188976379
20
-4.5349293307086613
11
5.792767598425197
21
-4.533718188976378
0
LINE
8
BLACK
6
CONTINUOUS
10
5.792767598425197
20
-4.533718188976378
11
5.7985031102362203
21
-4.5313424803149607
0
LINE
8
BLACK
6
CONTINUOUS
10
5.7985031102362203
20
-4.5313424803149607
11
5.8021950787401577
21
-4.5288755905511806
0
LINE
8
BLACK
6
CONTINUOUS
10
5.8021950787401577
20
-4.5288755905511806
11
5.804862519685039
21
-4.5280403543307086
0
LINE
8
BLACK
6
CONTINUOUS
10
5.804862519685039
20
-4.5280403543307086
11
5.8049510629921262
21
-4.5280395669291336
0
LINE
8
BLACK
6
CONTINUOUS
10
5.8049510629921262
20
-4.5280395669291336
11
5.8745081496062994
21
-4.5280395669291336
0
LINE
8
BLACK
6
CONTINUOUS
10
5.8745081496062994
20
-4.5280395669291336
11
5.8745081889763782
21
-4.5280395669291336
0
LINE
8
BLACK
6
CONTINUOUS
10
5.8745081889763782
20
-4.5280395669291336
11
5.8769617322834646
21
-4.5275515354330711
0
LINE
8
BLACK
6
CONTINUOUS
10
5.8769617322834646
20
-4.5275515354330711
11
5.8792658661417319
21
-4.5270932283464562
0
LINE
8
BLACK
6
CONTINUOUS
10
5.8792658661417319
20
-4.5270932283464562
11
5.8805784645669288
21
-4.5265494881889765
0
LINE
8
BLACK
6
CONTINUOUS
10
5.8805784645669288
20
-4.5265494881889765
11
5.8837475196850395
21
-4.5252368897637796
0
LINE
8
BLACK
6
CONTINUOUS
10
5.8837475196850395
20
-4.5252368897637796
11
5.8863413385826773
21
-4.5235037007874013
0
LINE
8
BLACK
6
CONTINUOUS
10
5.8863413385826773
20
-4.5235037007874013
11
5.8877808661417319
21
-4.5225418503937007
0
LINE
8
BLACK
6
CONTINUOUS
10
5.8877808661417319
20
-4.5225418503937007
11
5.891210984251968
21
-4.5191117322834646
0
LINE
8
BLACK
6
CONTINUOUS
10
5.891210984251968
20
-4.5191117322834646
11
5.891493385826772
21
-4.5188293307086616
0
LINE
8
BLACK
6
CONTINUOUS
10
5.891493385826772
20
-4.5188293307086616
11
5.8914938188976373
21
-4.518828779527559
0
LINE
8
BLACK
6
CONTINUOUS
10
5.8914938188976373
20
-4.518828779527559
11
5.8933302362204723
21
-4.5169923622047241
0
LINE
8
BLACK
6
CONTINUOUS
10
5.8933302362204723
20
-4.5169923622047241
11
5.8957833858267712
21
-4.5156528346456692
0
LINE
8
BLACK
6
CONTINUOUS
10
5.8957833858267712
20
-4.5156528346456692
11
5.895867677165354
21
-4.5156352755905509
0
LINE
8
BLACK
6
CONTINUOUS
10
5.895867677165354
20
-4.5156352755905509
11
5.9002251181102361
21
-4.5147685826771653
0
LINE
8
BLACK
6
CONTINUOUS
10
5.9002251181102361
20
-4.5147685826771653
11
5.9059606299212595
21
-4.512392874015748
0
LINE
8
BLACK
6
CONTINUOUS
10
5.9059606299212595
20
-4.512392874015748
11
5.9111224409448822
21
-4.5089438582677168
0
LINE
8
BLACK
6
CONTINUOUS
10
5.9111224409448822
20
-4.5089438582677168
11
5.9129698818897634
21
-4.507096377952756
0
LINE
8
BLACK
6
CONTINUOUS
10
5.9129698818897634
20
-4.507096377952756
11
5.9154229527559057
21
-4.5057569291338577
0
LINE
8
BLACK
6
CONTINUOUS
10
5.9154229527559057
20
-4.5057569291338577
11
5.9182109448818894
21
-4.5059562992125981
0
LINE
8
BLACK
6
CONTINUOUS
10
5.9182109448818894
20
-4.5059562992125981
11
5.9204485826771656
21
-4.5076313385826774
0
LINE
8
BLACK
6
CONTINUOUS
10
5.9204485826771656
20
-4.5076313385826774
11
5.9213427559055116
21
-4.5096363779527557
0
LINE
8
BLACK
6
CONTINUOUS
10
5.9213427559055116
20
-4.5096363779527557
11
5.9222204724409444
21
-4.5140488582677163
0
LINE
8
BLACK
6
CONTINUOUS
10
5.9222204724409444
20
-4.5140488582677163
11
5.9245961811023617
21
-4.5197843700787397
0
LINE
8
BLACK
6
CONTINUOUS
10
5.9245961811023617
20
-4.5197843700787397
11
5.9280451968503938
21
-4.5249461811023624
0
LINE
8
BLACK
6
CONTINUOUS
10
5.9280451968503938
20
-4.5249461811023624
11
5.9324349606299212
21
-4.5293359448818897
0
LINE
8
BLACK
6
CONTINUOUS
10
5.9324349606299212
20
-4.5293359448818897
11
5.9375967716535429
21
-4.5327849606299209
0
LINE
8
BLACK
6
CONTINUOUS
10
5.9375967716535429
20
-4.5327849606299209
11
5.9433322834645672
21
-4.5351606692913382
0
LINE
8
BLACK
6
CONTINUOUS
10
5.9433322834645672
20
-4.5351606692913382
11
5.9494210629921263
21
-4.5363718110236215
0
LINE
8
BLACK
6
CONTINUOUS
10
5.9494210629921263
20
-4.5363718110236215
11
5.949421102362205
21
-4.5363718110236215
0
LINE
8
BLACK
6
CONTINUOUS
10
5.949421102362205
20
-4.5363718110236215
11
5.9556290551181101
21
-4.5363718110236215
0
LINE
8
BLACK
6
CONTINUOUS
10
5.9556290551181101
20
-4.5363718110236215
11
5.9556290944881889
21
-4.5363718110236215
0
LINE
8
BLACK
6
CONTINUOUS
10
5.9556290944881889
20
-4.5363718110236215
11
5.9617178740157479
21
-4.5351606692913382
0
LINE
8
BLACK
6
CONTINUOUS
10
5.9617178740157479
20
-4.5351606692913382
11
5.9674533858267713
21
-4.5327849606299209
0
LINE
8
BLACK
6
CONTINUOUS
10
5.9674533858267713
20
-4.5327849606299209
11
5.9711453543307087
21
-4.5303180708661417
0
LINE
8
BLACK
6
CONTINUOUS
10
5.9711453543307087
20
-4.5303180708661417
11
5.9738127952755908
21
-4.5294828346456688
0
LINE
8
BLACK
6
CONTINUOUS
10
5.9738127952755908
20
-4.5294828346456688
11
5.9739013385826771
21
-4.5294820472440946
0
LINE
8
BLACK
6
CONTINUOUS
10
5.9739013385826771
20
-4.5294820472440946
11
6.009569212598425
21
-4.5294820472440946
0
LINE
8
BLACK
6
CONTINUOUS
10
6.009569212598425
20
-4.5294820472440946
11
6.0095694094488188
21
-4.5294820472440946
0
LINE
8
BLACK
6
CONTINUOUS
10
6.0095694094488188
20
-4.5294820472440946
11
6.0119482283464567
21
-4.5290088582677166
0
LINE
8
BLACK
6
CONTINUOUS
10
6.0119482283464567
20
-4.5290088582677166
11
6.0143270866141734
21
-4.5285357086614173
0
LINE
8
BLACK
6
CONTINUOUS
10
6.0143270866141734
20
-4.5285357086614173
11
6.0158775984251971
21
-4.5278934645669286
0
LINE
8
BLACK
6
CONTINUOUS
10
6.0158775984251971
20
-4.5278934645669286
11
6.0188087401574801
21
-4.5266793700787398
0
LINE
8
BLACK
6
CONTINUOUS
10
6.0188087401574801
20
-4.5266793700787398
11
6.020825393700787
21
-4.525331811023622
0
LINE
8
BLACK
6
CONTINUOUS
10
6.020825393700787
20
-4.525331811023622
11
6.0228420866141734
21
-4.5239843307086609
0
LINE
8
BLACK
6
CONTINUOUS
10
6.0228420866141734
20
-4.5239843307086609
11
6.0262722047244095
21
-4.5205542125984248
0
LINE
8
BLACK
6
CONTINUOUS
10
6.0262722047244095
20
-4.5205542125984248
11
6.0265546062992126
21
-4.5202718110236217
0
LINE
8
BLACK
6
CONTINUOUS
10
6.0265546062992126
20
-4.5202718110236217
11
6.0265550393700789
21
-4.5202712598425192
0
LINE
8
BLACK
6
CONTINUOUS
10
6.0265550393700789
20
-4.5202712598425192
11
6.0391090944881887
21
-4.5077172047244094
0
LINE
8
BLACK
6
CONTINUOUS
10
6.0391090944881887
20
-4.5077172047244094
11
6.0552979133858269
21
-4.4915283858267712
0
LINE
8
BLACK
6
CONTINUOUS
10
6.0552979133858269
20
-4.4915283858267712
11
6.0577510629921258
21
-4.4901888582677163
0
LINE
8
BLACK
6
CONTINUOUS
10
6.0577510629921258
20
-4.4901888582677163
11
6.0578353543307086
21
-4.4901712992125979
0
LINE
8
BLACK
6
CONTINUOUS
10
6.0578353543307086
20
-4.4901712992125979
11
6.0621927952755907
21
-4.4893046062992124
0
LINE
8
BLACK
6
CONTINUOUS
10
6.0621927952755907
20
-4.4893046062992124
11
6.0679283070866141
21
-4.486928897637795
0
LINE
8
BLACK
6
CONTINUOUS
10
6.0679283070866141
20
-4.486928897637795
11
6.0730901181102359
21
-4.4834798818897639
0
LINE
8
BLACK
6
CONTINUOUS
10
6.0730901181102359
20
-4.4834798818897639
11
6.0774798818897633
21
-4.4790901181102365
0
LINE
8
BLACK
6
CONTINUOUS
10
6.0774798818897633
20
-4.4790901181102365
11
6.0809288976377953
21
-4.4739283070866138
0
LINE
8
BLACK
6
CONTINUOUS
10
6.0809288976377953
20
-4.4739283070866138
11
6.0833046062992127
21
-4.4681927952755904
0
LINE
8
BLACK
6
CONTINUOUS
10
6.0833046062992127
20
-4.4681927952755904
11
6.084515748031496
21
-4.4621040157480314
0
LINE
8
BLACK
6
CONTINUOUS
10
6.084515748031496
20
-4.4621040157480314
11
6.084515748031496
21
-4.4558959842519688
0
LINE
8
BLACK
6
CONTINUOUS
10
6.084515748031496
20
-4.4558959842519688
11
6.0833046062992127
21
-4.4498072047244097
0
LINE
8
BLACK
6
CONTINUOUS
10
6.0833046062992127
20
-4.4498072047244097
11
6.0809288976377953
21
-4.4440716929133854
0
LINE
8
BLACK
6
CONTINUOUS
10
6.0809288976377953
20
-4.4440716929133854
11
6.0774798818897633
21
-4.4389098818897637
0
LINE
8
BLACK
6
CONTINUOUS
10
6.0774798818897633
20
-4.4389098818897637
11
6.0730901181102359
21
-4.4345201181102363
0
LINE
8
BLACK
6
CONTINUOUS
10
6.0730901181102359
20
-4.4345201181102363
11
6.0679283070866141
21
-4.4310711023622043
0
LINE
8
BLACK
6
CONTINUOUS
10
6.0679283070866141
20
-4.4310711023622043
11
6.0621927952755907
21
-4.4286953937007869
0
LINE
8
BLACK
6
CONTINUOUS
10
6.0621927952755907
20
-4.4286953937007869
11
6.0618490157480309
21
-4.4286270078740158
0
LINE
8
BLACK
6
CONTINUOUS
10
6.0618490157480309
20
-4.4286270078740158
11
6.0561040944881892
21
-4.4274842519685036
0
LINE
8
BLACK
6
CONTINUOUS
10
6.0561040944881892
20
-4.4274842519685036
11
6.0561040157480317
21
-4.4274842519685036
0
LINE
8
BLACK
6
CONTINUOUS
10
6.0561040157480317
20
-4.4274842519685036
11
6.0498959842519682
21
-4.4274842519685036
0
LINE
8
BLACK
6
CONTINUOUS
10
6.0498959842519682
20
-4.4274842519685036
11
6.0498958661417319
21
-4.4274842519685036
0
LINE
8
BLACK
6
CONTINUOUS
10
6.0498958661417319
20
-4.4274842519685036
11
6.0459786614173225
21
-4.4282634645669292
0
LINE
8
BLACK
6
CONTINUOUS
10
6.0459786614173225
20
-4.4282634645669292
11
6.0431946456692911
21
-4.4280143307086615
0
LINE
8
BLACK
6
CONTINUOUS
10
6.0431946456692911
20
-4.4280143307086615
11
6.0409872440944881
21
-4.4262996062992128
0
LINE
8
BLACK
6
CONTINUOUS
10
6.0409872440944881
20
-4.4262996062992128
11
6.0404278346456692
21
-4.4252964566929132
0
LINE
8
BLACK
6
CONTINUOUS
10
6.0404278346456692
20
-4.4252964566929132
11
6.0400396456692915
21
-4.4243592519685038
0
LINE
8
BLACK
6
CONTINUOUS
10
6.0400396456692915
20
-4.4243592519685038
11
6.0365906299212595
21
-4.419197440944882
0
LINE
8
BLACK
6
CONTINUOUS
10
6.0365906299212595
20
-4.419197440944882
11
6.0322008661417321
21
-4.4148076771653546
0
LINE
8
BLACK
6
CONTINUOUS
10
6.0322008661417321
20
-4.4148076771653546
11
6.0270390551181103
21
-4.4113586614173226
0
LINE
8
BLACK
6
CONTINUOUS
10
6.0270390551181103
20
-4.4113586614173226
11
6.0213035433070861
21
-4.4089829527559052
0
LINE
8
BLACK
6
CONTINUOUS
10
6.0213035433070861
20
-4.4089829527559052
11
6.0211095669291339
21
-4.4089443700787401
0
LINE
8
BLACK
6
CONTINUOUS
10
6.0211095669291339
20
-4.4089443700787401
11
6.0152148425196845
21
-4.4077718110236219
0
LINE
8
BLACK
6
CONTINUOUS
10
6.0152148425196845
20
-4.4077718110236219
11
6.015214763779527
21
-4.4077718110236219
0
LINE
8
BLACK
6
CONTINUOUS
10
6.015214763779527
20
-4.4077718110236219
11
6.0090067322834644
21
-4.4077718110236219
0
LINE
8
BLACK
6
CONTINUOUS
10
6.0090067322834644
20
-4.4077718110236219
11
6.0090066141732281
21
-4.4077718110236219
0
LINE
8
BLACK
6
CONTINUOUS
10
6.0090066141732281
20
-4.4077718110236219
11
6.0029179133858266
21
-4.4089829527559052
0
LINE
8
BLACK
6
CONTINUOUS
10
6.0029179133858266
20
-4.4089829527559052
11
6.0029177165354328
21
-4.4089830314960627
0
LINE
8
BLACK
6
CONTINUOUS
10
6.0029177165354328
20
-4.4089830314960627
11
5.9971824015748032
21
-4.4113586614173226
0
LINE
8
BLACK
6
CONTINUOUS
10
5.9971824015748032
20
-4.4113586614173226
11
5.9934904724409446
21
-4.4138255511811026
0
LINE
8
BLACK
6
CONTINUOUS
10
5.9934904724409446
20
-4.4138255511811026
11
5.99276842519685
21
-4.4140516141732284
0
LINE
8
BLACK
6
CONTINUOUS
10
5.99276842519685
20
-4.4140516141732284
11
5.9921320472440947
21
-4.4144606299212601
0
LINE
8
BLACK
6
CONTINUOUS
10
5.9921320472440947
20
-4.4144606299212601
11
5.9908935433070862
21
-4.4146387007874015
0
LINE
8
BLACK
6
CONTINUOUS
10
5.9908935433070862
20
-4.4146387007874015
11
5.9908230314960624
21
-4.4146607874015746
0
LINE
8
BLACK
6
CONTINUOUS
10
5.9908230314960624
20
-4.4146607874015746
11
5.9907344881889761
21
-4.4146615748031497
0
LINE
8
BLACK
6
CONTINUOUS
10
5.9907344881889761
20
-4.4146615748031497
11
5.9893611811023622
21
-4.4146615748031497
0
LINE
8
BLACK
6
CONTINUOUS
10
5.9893611811023622
20
-4.4146615748031497
11
5.9893603937007871
21
-4.4146615354330709
0
LINE
8
BLACK
6
CONTINUOUS
10
5.9893603937007871
20
-4.4146615354330709
11
5.989115787401575
21
-4.4146615354330709
0
LINE
8
BLACK
6
CONTINUOUS
10
5.989115787401575
20
-4.4146615354330709
11
5.9842648818897635
21
-4.4146615354330709
0
LINE
8
BLACK
6
CONTINUOUS
10
5.9842648818897635
20
-4.4146615354330709
11
5.9842646456692909
21
-4.4146615354330709
0
LINE
8
BLACK
6
CONTINUOUS
10
5.9842646456692909
20
-4.4146615354330709
11
5.9812986220472437
21
-4.4152514960629921
0
LINE
8
BLACK
6
CONTINUOUS
10
5.9812986220472437
20
-4.4152514960629921
11
5.9802964960629916
21
-4.4154508661417324
0
LINE
8
BLACK
6
CONTINUOUS
10
5.9802964960629916
20
-4.4154508661417324
11
5.9800321653543307
21
-4.4155034251968504
0
LINE
8
BLACK
6
CONTINUOUS
10
5.9800321653543307
20
-4.4155034251968504
11
5.9795072047244089
21
-4.4156078740157483
0
LINE
8
BLACK
6
CONTINUOUS
10
5.9795072047244089
20
-4.4156078740157483
11
5.9776508267716535
21
-4.4163767716535434
0
LINE
8
BLACK
6
CONTINUOUS
10
5.9776508267716535
20
-4.4163767716535434
11
5.9776508267716535
21
-4.4163768110236221
0
LINE
8
BLACK
6
CONTINUOUS
10
5.9776508267716535
20
-4.4163768110236221
11
5.9750255511811021
21
-4.4174642519685037
0
LINE
8
BLACK
6
CONTINUOUS
10
5.9750255511811021
20
-4.4174642519685037
11
5.9750254724409446
21
-4.4174642913385824
0
LINE
8
BLACK
6
CONTINUOUS
10
5.9750254724409446
20
-4.4174642913385824
11
5.970992165354331
21
-4.4201592519685038
0
LINE
8
BLACK
6
CONTINUOUS
10
5.970992165354331
20
-4.4201592519685038
11
5.9709919291338585
21
-4.4201594488188976
0
LINE
8
BLACK
6
CONTINUOUS
10
5.9709919291338585
20
-4.4201594488188976
11
5.962524409448819
21
-4.4286270078740158
0
LINE
8
BLACK
6
CONTINUOUS
10
5.962524409448819
20
-4.4286270078740158
11
5.9600711811023617
21
-4.4299666141732281
0
LINE
8
BLACK
6
CONTINUOUS
10
5.9600711811023617
20
-4.4299666141732281
11
5.957283188976378
21
-4.429767204724409
0
LINE
8
BLACK
6
CONTINUOUS
10
5.957283188976378
20
-4.429767204724409
11
5.9550455511811018
21
-4.4280921259842518
0
LINE
8
BLACK
6
CONTINUOUS
10
5.9550455511811018
20
-4.4280921259842518
11
5.9544337007874013
21
-4.4270176771653542
0
LINE
8
BLACK
6
CONTINUOUS
10
5.9544337007874013
20
-4.4270176771653542
11
5.953720748031496
21
-4.4252964566929132
0
LINE
8
BLACK
6
CONTINUOUS
10
5.953720748031496
20
-4.4252964566929132
11
5.9533165748031491
21
-4.4243206692913386
0
LINE
8
BLACK
6
CONTINUOUS
10
5.9533165748031491
20
-4.4243206692913386
11
5.949867559055118
21
-4.4191588582677168
0
LINE
8
BLACK
6
CONTINUOUS
10
5.949867559055118
20
-4.4191588582677168
11
5.9454777952755906
21
-4.4147690944881885
0
LINE
8
BLACK
6
CONTINUOUS
10
5.9454777952755906
20
-4.4147690944881885
11
5.9403159842519679
21
-4.4113200787401574
0
LINE
8
BLACK
6
CONTINUOUS
10
5.9403159842519679
20
-4.4113200787401574
11
5.9345804724409446
21
-4.4089443700787401
0
LINE
8
BLACK
6
CONTINUOUS
10
5.9345804724409446
20
-4.4089443700787401
11
5.928491771653543
21
-4.4077332283464568
0
LINE
8
BLACK
6
CONTINUOUS
10
5.928491771653543
20
-4.4077332283464568
11
5.9284916929133855
21
-4.4077332283464568
0
LINE
8
BLACK
6
CONTINUOUS
10
5.9284916929133855
20
-4.4077332283464568
11
5.9222836614173229
21
-4.4077332283464568
0
LINE
8
BLACK
6
CONTINUOUS
10
5.9222836614173229
20
-4.4077332283464568
11
5.9222835433070866
21
-4.4077332283464568
0
LINE
8
BLACK
6
CONTINUOUS
10
5.9222835433070866
20
-4.4077332283464568
11
5.9161948425196851
21
-4.4089443700787401
0
LINE
8
BLACK
6
CONTINUOUS
10
5.9161948425196851
20
-4.4089443700787401
11
5.9161946456692913
21
-4.4089444488188976
0
LINE
8
BLACK
6
CONTINUOUS
10
5.9161946456692913
20
-4.4089444488188976
11
5.9104593307086617
21
-4.4113200787401574
0
LINE
8
BLACK
6
CONTINUOUS
10
5.9104593307086617
20
-4.4113200787401574
11
5.9067674015748031
21
-4.4137869685039366
0
LINE
8
BLACK
6
CONTINUOUS
10
5.9067674015748031
20
-4.4137869685039366
11
5.9040999606299209
21
-4.4146222047244095
0
LINE
8
BLACK
6
CONTINUOUS
10
5.9040999606299209
20
-4.4146222047244095
11
5.9040114173228346
21
-4.4146229921259845
0
LINE
8
BLACK
6
CONTINUOUS
10
5.9040114173228346
20
-4.4146229921259845
11
5.867651968503937
21
-4.4146229921259845
0
LINE
8
BLACK
6
CONTINUOUS
10
5.867651968503937
20
-4.4146229921259845
11
5.8652733464566928
21
-4.4150961023622051
0
LINE
8
BLACK
6
CONTINUOUS
10
5.8652733464566928
20
-4.4150961023622051
11
5.8652733464566928
21
-4.4150961417322829
0
LINE
8
BLACK
6
CONTINUOUS
10
5.8652733464566928
20
-4.4150961417322829
11
5.864480393700787
21
-4.4152538582677163
0
LINE
8
BLACK
6
CONTINUOUS
10
5.864480393700787
20
-4.4152538582677163
11
5.8628944094488187
21
-4.415569330708661
0
LINE
8
BLACK
6
CONTINUOUS
10
5.8628944094488187
20
-4.415569330708661
11
5.8628940157480312
21
-4.4155694488188972
0
LINE
8
BLACK
6
CONTINUOUS
10
5.8628940157480312
20
-4.4155694488188972
11
5.8584129921259844
21
-4.417425590551181
0
LINE
8
BLACK
6
CONTINUOUS
10
5.8584129921259844
20
-4.417425590551181
11
5.8584128346456694
21
-4.4174256692913385
0
LINE
8
BLACK
6
CONTINUOUS
10
5.8584128346456694
20
-4.4174256692913385
11
5.8543796456692911
21
-4.4201205905511811
0
LINE
8
BLACK
6
CONTINUOUS
10
5.8543796456692911
20
-4.4201205905511811
11
5.8543793700787399
21
-4.4201207874015749
0
LINE
8
BLACK
6
CONTINUOUS
10
5.8543793700787399
20
-4.4201207874015749
11
5.8521957086614176
21
-4.4223044881889759
0
LINE
8
BLACK
6
CONTINUOUS
10
5.8521957086614176
20
-4.4223044881889759
11
5.8509493700787401
21
-4.4235508267716535
0
LINE
8
BLACK
6
CONTINUOUS
10
5.8509493700787401
20
-4.4235508267716535
11
5.8509492519685038
21
-4.4235509448818897
0
LINE
8
BLACK
6
CONTINUOUS
10
5.8509492519685038
20
-4.4235509448818897
11
5.8399801968503935
21
-4.43452
0
LINE
8
BLACK
6
CONTINUOUS
10
5.8399801968503935
20
-4.43452
11
5.8324264960629923
21
-4.4420737007874012
0
LINE
8
BLACK
6
CONTINUOUS
10
5.8324264960629923
20
-4.4420737007874012
11
5.829973267716535
21
-4.4434132677165357
0
LINE
8
BLACK
6
CONTINUOUS
10
5.829973267716535
20
-4.4434132677165357
11
5.8298866535433067
21
-4.4434312992125982
0
LINE
8
BLACK
6
CONTINUOUS
10
5.8298866535433067
20
-4.4434312992125982
11
5.8278568503937009
21
-4.4438350393700787
0
LINE
8
BLACK
6
CONTINUOUS
10
5.8278568503937009
20
-4.4438350393700787
11
5.8255316141732285
21
-4.4442975984251971
0
LINE
8
BLACK
6
CONTINUOUS
10
5.8255316141732285
20
-4.4442975984251971
11
5.825531535433071
21
-4.4442975984251971
0
LINE
8
BLACK
6
CONTINUOUS
10
5.825531535433071
20
-4.4442975984251971
11
5.8255314960629923
21
-4.4442976377952759
0
LINE
8
BLACK
6
CONTINUOUS
10
5.8255314960629923
20
-4.4442976377952759
11
5.8255314566929135
21
-4.4442976377952759
0
LINE
8
BLACK
6
CONTINUOUS
10
5.8255314566929135
20
-4.4442976377952759
11
5.8197960629921255
21
-4.4466733070866145
0
LINE
8
BLACK
6
CONTINUOUS
10
5.8197960629921255
20
-4.4466733070866145
11
5.8146344488188975
21
-4.4501222047244093
0
LINE
8
BLACK
6
CONTINUOUS
10
5.8146344488188975
20
-4.4501222047244093
11
5.8146341732283462
21
-4.4501224015748031
0
LINE
8
BLACK
6
CONTINUOUS
10
5.8146341732283462
20
-4.4501224015748031
11
5.8102446062992126
21
-4.4545119685039367
0
LINE
8
BLACK
6
CONTINUOUS
10
5.8102446062992126
20
-4.4545119685039367
11
5.8102444094488188
21
-4.454512244094488
0
LINE
8
BLACK
6
CONTINUOUS
10
5.8102444094488188
20
-4.454512244094488
11
5.806795511811023
21
-4.459673858267716
0
LINE
8
BLACK
6
CONTINUOUS
10
5.806795511811023
20
-4.459673858267716
11
5.8044198818897632
21
-4.4654091732283465
0
LINE
8
BLACK
6
CONTINUOUS
10
5.8044198818897632
20
-4.4654091732283465
11
5.8044198031496066
21
-4.4654093700787403
0
LINE
8
BLACK
6
CONTINUOUS
10
5.8044198031496066
20
-4.4654093700787403
11
5.8032970866141733
21
-4.4710535826771656
0
LINE
8
BLACK
6
CONTINUOUS
10
5.8032970866141733
20
-4.4710535826771656
11
5.8020014960629922
21
-4.473530354330709
0
LINE
8
BLACK
6
CONTINUOUS
10
5.8020014960629922
20
-4.473530354330709
11
5.7995725590551181
21
-4.4749134645669288
0
LINE
8
BLACK
6
CONTINUOUS
10
5.7995725590551181
20
-4.4749134645669288
11
5.7967814173228343
21
-4.474763818897638
0
LINE
8
BLACK
6
CONTINUOUS
10
5.7967814173228343
20
-4.474763818897638
11
5.7965334251968503
21
-4.474668818897638
0
LINE
8
BLACK
6
CONTINUOUS
10
5.7965334251968503
20
-4.474668818897638
11
5.7927677952755907
21
-4.4731090551181101
0
LINE
8
BLACK
6
CONTINUOUS
10
5.7927677952755907
20
-4.4731090551181101
11
5.792767598425197
21
-4.4731089763779526
0
LINE
8
BLACK
6
CONTINUOUS
10
5.792767598425197
20
-4.4731089763779526
11
5.7866788976377954
21
-4.4718978346456693
0
LINE
8
BLACK
6
CONTINUOUS
10
5.7866788976377954
20
-4.4718978346456693
11
5.7866788188976379
21
-4.4718978346456693
0
LINE
8
BLACK
6
CONTINUOUS
10
5.7866788188976379
20
-4.4718978346456693
11
5.7804707874015744
21
-4.4718978346456693
0
LINE
8
BLACK
6
CONTINUOUS
10
5.7804707874015744
20
-4.4718978346456693
11
5.7804706692913381
21
-4.4718978346456693
0
LINE
8
BLACK
6
CONTINUOUS
10
5.7804706692913381
20
-4.4718978346456693
11
5.7743819685039366
21
-4.4731089763779526
0
LINE
8
BLACK
6
CONTINUOUS
10
5.7743819685039366
20
-4.4731089763779526
11
5.7743817716535428
21
-4.4731090551181101
0
LINE
8
BLACK
6
CONTINUOUS
10
5.7743817716535428
20
-4.4731090551181101
11
5.7686464566929132
21
-4.4754846850393699
0
LINE
8
BLACK
6
CONTINUOUS
10
5.7686464566929132
20
-4.4754846850393699
11
5.7634848425196852
21
-4.4789335826771657
0
LINE
8
BLACK
6
CONTINUOUS
10
5.7634848425196852
20
-4.4789335826771657
11
5.7634845669291339
21
-4.4789337795275586
0
LINE
8
BLACK
6
CONTINUOUS
10
5.7634845669291339
20
-4.4789337795275586
11
5.7590950000000003
21
-4.4833233464566931
0
LINE
8
BLACK
6
CONTINUOUS
10
5.7590950000000003
20
-4.4833233464566931
11
5.7590948031496065
21
-4.4833236220472443
0
LINE
8
BLACK
6
CONTINUOUS
10
5.7590948031496065
20
-4.4833236220472443
11
5.7556459055118108
21
-4.4884852362204724
0
LINE
8
BLACK
6
CONTINUOUS
10
5.7556459055118108
20
-4.4884852362204724
11
5.7532702755905509
21
-4.494220551181102
0
LINE
8
BLACK
6
CONTINUOUS
10
5.7532702755905509
20
-4.494220551181102
11
5.7532701968503934
21
-4.4942207480314957
0
LINE
8
BLACK
6
CONTINUOUS
10
5.7532701968503934
20
-4.4942207480314957
11
5.7520590551181101
21
-4.5003094488188973
0
LINE
8
BLACK
6
CONTINUOUS
10
5.7520590551181101
20
-4.5003094488188973
11
5.7520590551181101
21
-4.5065176771653546
0
LINE
8
BLACK
6
CONTINUOUS
10
7.0241870078740156
20
-4.4406137401574801
11
7.0149245669291336
21
-4.4430955905511809
0
LINE
8
BLACK
6
CONTINUOUS
10
7.0149245669291336
20
-4.4430955905511809
11
7.0060654330708658
21
-4.4467651574803151
0
LINE
8
BLACK
6
CONTINUOUS
10
7.0060654330708658
20
-4.4467651574803151
11
7.0060649999999995
21
-4.4467653937007876
0
LINE
8
BLACK
6
CONTINUOUS
10
7.0060649999999995
20
-4.4467653937007876
11
6.9977613385826771
21
-4.451559488188976
0
LINE
8
BLACK
6
CONTINUOUS
10
6.9977613385826771
20
-4.451559488188976
11
6.994319212598425
21
-4.4542007086614168
0
LINE
8
BLACK
6
CONTINUOUS
10
6.994319212598425
20
-4.4542007086614168
11
7.0087455511811019
21
-4.4686270472440945
0
LINE
8
BLACK
6
CONTINUOUS
10
7.0087455511811019
20
-4.4686270472440945
11
7.010717598425197
21
-4.4671943307086615
0
LINE
8
BLACK
6
CONTINUOUS
10
7.010717598425197
20
-4.4671943307086615
11
7.0181487007874015
21
-4.4634079921259842
0
LINE
8
BLACK
6
CONTINUOUS
10
7.0181487007874015
20
-4.4634079921259842
11
7.0260806692913382
21
-4.4608307480314959
0
LINE
8
BLACK
6
CONTINUOUS
10
7.0260806692913382
20
-4.4608307480314959
11
7.03431811023622
21
-4.4595260629921256
0
LINE
8
BLACK
6
CONTINUOUS
10
7.03431811023622
20
-4.4595260629921256
11
7.0426582677165355
21
-4.4595260629921256
0
LINE
8
BLACK
6
CONTINUOUS
10
7.0426582677165355
20
-4.4595260629921256
11
7.0508957086614172
21
-4.4608307480314959
0
LINE
8
BLACK
6
CONTINUOUS
10
7.0508957086614172
20
-4.4608307480314959
11
7.058827677165354
21
-4.4634079921259842
0
LINE
8
BLACK
6
CONTINUOUS
10
7.058827677165354
20
-4.4634079921259842
11
7.0662587795275593
21
-4.4671943307086615
0
LINE
8
BLACK
6
CONTINUOUS
10
7.0662587795275593
20
-4.4671943307086615
11
7.0682307480314961
21
-4.4686270472440945
0
LINE
8
BLACK
6
CONTINUOUS
10
7.0682307480314961
20
-4.4686270472440945
11
7.0826570866141729
21
-4.4542007480314956
0
LINE
8
BLACK
6
CONTINUOUS
10
7.0826570866141729
20
-4.4542007480314956
11
7.0826570472440942
21
-4.4542006692913381
0
LINE
8
BLACK
6
CONTINUOUS
10
7.0826570472440942
20
-4.4542006692913381
11
7.0792152362204721
21
-4.451559645669291
0
LINE
8
BLACK
6
CONTINUOUS
10
7.0792152362204721
20
-4.451559645669291
11
7.0792149999999996
21
-4.451559488188976
0
LINE
8
BLACK
6
CONTINUOUS
10
7.0792149999999996
20
-4.451559488188976
11
7.0709113385826772
21
-4.4467653937007876
0
LINE
8
BLACK
6
CONTINUOUS
10
7.0709113385826772
20
-4.4467653937007876
11
7.0709109055118109
21
-4.4467651574803151
0
LINE
8
BLACK
6
CONTINUOUS
10
7.0709109055118109
20
-4.4467651574803151
11
7.0620517716535431
21
-4.4430955905511809
0
LINE
8
BLACK
6
CONTINUOUS
10
7.0620517716535431
20
-4.4430955905511809
11
7.0527893307086611
21
-4.4406137401574801
0
LINE
8
BLACK
6
CONTINUOUS
10
7.0527893307086611
20
-4.4406137401574801
11
7.043282755905512
21
-4.439362204724409
0
LINE
8
BLACK
6
CONTINUOUS
10
7.043282755905512
20
-4.439362204724409
11
7.0336935826771656
21
-4.439362204724409
0
LINE
8
BLACK
6
CONTINUOUS
10
7.0336935826771656
20
-4.439362204724409
11
7.0241870078740156
21
-4.4406137401574801
0
LINE
8
BLACK
6
CONTINUOUS
10
7.2241870078740158
20
-4.4406137401574801
11
7.2149245669291338
21
-4.4430955905511809
0
LINE
8
BLACK
6
CONTINUOUS
10
7.2149245669291338
20
-4.4430955905511809
11
7.206065433070866
21
-4.4467651574803151
0
LINE
8
BLACK
6
CONTINUOUS
10
7.206065433070866
20
-4.4467651574803151
11
7.2060649999999997
21
-4.4467653937007876
0
LINE
8
BLACK
6
CONTINUOUS
10
7.2060649999999997
20
-4.4467653937007876
11
7.1977613385826773
21
-4.451559488188976
0
LINE
8
BLACK
6
CONTINUOUS
10
7.1977613385826773
20
-4.451559488188976
11
7.1943192125984252
21
-4.4542007086614168
0
LINE
8
BLACK
6
CONTINUOUS
10
7.1943192125984252
20
-4.4542007086614168
11
7.2087455511811021
21
-4.4686270472440945
0
LINE
8
BLACK
6
CONTINUOUS
10
7.2087455511811021
20
-4.4686270472440945
11
7.2107175984251963
21
-4.4671943307086615
0
LINE
8
BLACK
6
CONTINUOUS
10
7.2107175984251963
20
-4.4671943307086615
11
7.2181487007874017
21
-4.4634079921259842
0
LINE
8
BLACK
6
CONTINUOUS
10
7.2181487007874017
20
-4.4634079921259842
11
7.2260806692913384
21
-4.4608307480314959
0
LINE
8
BLACK
6
CONTINUOUS
10
7.2260806692913384
20
-4.4608307480314959
11
7.2343181102362202
21
-4.4595260629921256
0
LINE
8
BLACK
6
CONTINUOUS
10
7.2343181102362202
20
-4.4595260629921256
11
7.2426582677165356
21
-4.4595260629921256
0
LINE
8
BLACK
6
CONTINUOUS
10
7.2426582677165356
20
-4.4595260629921256
11
7.2508957086614174
21
-4.4608307480314959
0
LINE
8
BLACK
6
CONTINUOUS
10
7.2508957086614174
20
-4.4608307480314959
11
7.2588276771653542
21
-4.4634079921259842
0
LINE
8
BLACK
6
CONTINUOUS
10
7.2588276771653542
20
-4.4634079921259842
11
7.2662587795275586
21
-4.4671943307086615
0
LINE
8
BLACK
6
CONTINUOUS
10
7.2662587795275586
20
-4.4671943307086615
11
7.2682307480314963
21
-4.4686270472440945
0
LINE
8
BLACK
6
CONTINUOUS
10
7.2682307480314963
20
-4.4686270472440945
11
7.2826570866141731
21
-4.4542007480314956
0
LINE
8
BLACK
6
CONTINUOUS
10
7.2826570866141731
20
-4.4542007480314956
11
7.2826570472440944
21
-4.4542006692913381
0
LINE
8
BLACK
6
CONTINUOUS
10
7.2826570472440944
20
-4.4542006692913381
11
7.2792152362204723
21
-4.451559645669291
0
LINE
8
BLACK
6
CONTINUOUS
10
7.2792152362204723
20
-4.451559645669291
11
7.2792149999999998
21
-4.451559488188976
0
LINE
8
BLACK
6
CONTINUOUS
10
7.2792149999999998
20
-4.451559488188976
11
7.2709113385826774
21
-4.4467653937007876
0
LINE
8
BLACK
6
CONTINUOUS
10
7.2709113385826774
20
-4.4467653937007876
11
7.2709109055118111
21
-4.4467651574803151
0
LINE
8
BLACK
6
CONTINUOUS
10
7.2709109055118111
20
-4.4467651574803151
11
7.2620517716535433
21
-4.4430955905511809
0
LINE
8
BLACK
6
CONTINUOUS
10
7.2620517716535433
20
-4.4430955905511809
11
7.2527893307086613
21
-4.4406137401574801
0
LINE
8
BLACK
6
CONTINUOUS
10
7.2527893307086613
20
-4.4406137401574801
11
7.2432827559055113
21
-4.439362204724409
0
LINE
8
BLACK
6
CONTINUOUS
10
7.2432827559055113
20
-4.439362204724409
11
7.2336935826771649
21
-4.439362204724409
0
LINE
8
BLACK
6
CONTINUOUS
10
7.2336935826771649
20
-4.439362204724409
11
7.2241870078740158
21
-4.4406137401574801
0
LINE
8
BLACK
6
CONTINUOUS
10
5.4869881889763779
20
-4.1493369291338578
11
5.4869881889763779
21
-4.149846771653543
0
LINE
8
BLACK
6
CONTINUOUS
10
5.4869881889763779
20
-4.149846771653543
11
5.4869881889763779
21
-4.2049648818897634
0
LINE
8
BLACK
6
CONTINUOUS
10
5.4869881889763779
20
-4.2049648818897634
11
5.4869881889763779
21
-4.2075590551181099
0
LINE
8
BLACK
6
CONTINUOUS
10
5.4869881889763779
20
-4.2075590551181099
11
5.4869881889763779
21
-4.2106630708661417
0
LINE
8
BLACK
6
CONTINUOUS
10
5.4869881889763779
20
-4.2106630708661417
11
5.4881993307086612
21
-4.2167518503937007
0
LINE
8
BLACK
6
CONTINUOUS
10
5.4881993307086612
20
-4.2167518503937007
11
5.4905750393700785
21
-4.2224873622047241
0
LINE
8
BLACK
6
CONTINUOUS
10
5.4905750393700785
20
-4.2224873622047241
11
5.4940240551181105
21
-4.2276491732283468
0
LINE
8
BLACK
6
CONTINUOUS
10
5.4940240551181105
20
-4.2276491732283468
11
5.4984138188976379
21
-4.2320389370078741
0
LINE
8
BLACK
6
CONTINUOUS
10
5.4984138188976379
20
-4.2320389370078741
11
5.5035756299212597
21
-4.2354879527559053
0
LINE
8
BLACK
6
CONTINUOUS
10
5.5035756299212597
20
-4.2354879527559053
11
5.5093111417322831
21
-4.2378636614173226
0
LINE
8
BLACK
6
CONTINUOUS
10
5.5093111417322831
20
-4.2378636614173226
11
5.5153999212598421
21
-4.2390748031496059
0
LINE
8
BLACK
6
CONTINUOUS
10
5.5153999212598421
20
-4.2390748031496059
11
5.5153999606299209
21
-4.2390748031496059
0
LINE
8
BLACK
6
CONTINUOUS
10
5.5153999606299209
20
-4.2390748031496059
11
5.5846000393700788
21
-4.2390748031496059
0
LINE
8
BLACK
6
CONTINUOUS
10
5.5846000393700788
20
-4.2390748031496059
11
5.5846000787401575
21
-4.2390748031496059
0
LINE
8
BLACK
6
CONTINUOUS
10
5.5846000787401575
20
-4.2390748031496059
11
5.5906888582677166
21
-4.2378636614173226
0
LINE
8
BLACK
6
CONTINUOUS
10
5.5906888582677166
20
-4.2378636614173226
11
5.5964243700787399
21
-4.2354879527559053
0
LINE
8
BLACK
6
CONTINUOUS
10
5.5964243700787399
20
-4.2354879527559053
11
5.6015861811023617
21
-4.2320389370078741
0
LINE
8
BLACK
6
CONTINUOUS
10
5.6015861811023617
20
-4.2320389370078741
11
5.60597594488189
21
-4.2276491732283468
0
LINE
8
BLACK
6
CONTINUOUS
10
5.60597594488189
20
-4.2276491732283468
11
5.6094249606299211
21
-4.2224873622047241
0
LINE
8
BLACK
6
CONTINUOUS
10
5.6094249606299211
20
-4.2224873622047241
11
5.6118006692913385
21
-4.2167518503937007
0
LINE
8
BLACK
6
CONTINUOUS
10
5.6118006692913385
20
-4.2167518503937007
11
5.6130118110236218
21
-4.2106630708661417
0
LINE
8
BLACK
6
CONTINUOUS
10
5.6130118110236218
20
-4.2106630708661417
11
5.6130118110236218
21
-4.2075590551181099
0
LINE
8
BLACK
6
CONTINUOUS
10
5.6130118110236218
20
-4.2075590551181099
11
5.6130118110236218
21
-4.2049648818897634
0
LINE
8
BLACK
6
CONTINUOUS
10
5.6130118110236218
20
-4.2049648818897634
11
5.6130118110236218
21
-4.149846771653543
0
LINE
8
BLACK
6
CONTINUOUS
10
5.6130118110236218
20
-4.149846771653543
11
5.6130118110236218
21
-4.1493369291338578
0
LINE
8
BLACK
6
CONTINUOUS
10
5.6130118110236218
20
-4.1493369291338578
11
5.6118006692913385
21
-4.1432481496062987
0
LINE
8
BLACK
6
CONTINUOUS
10
5.6118006692913385
20
-4.1432481496062987
11
5.6094249606299211
21
-4.1375126377952753
0
LINE
8
BLACK
6
CONTINUOUS
10
5.6094249606299211
20
-4.1375126377952753
11
5.60597594488189
21
-4.1323508267716536
0
LINE
8
BLACK
6
CONTINUOUS
10
5.60597594488189
20
-4.1323508267716536
11
5.6015861811023617
21
-4.1279610629921262
0
LINE
8
BLACK
6
CONTINUOUS
10
5.6015861811023617
20
-4.1279610629921262
11
5.5964243700787399
21
-4.1245120472440941
0
LINE
8
BLACK
6
CONTINUOUS
10
5.5964243700787399
20
-4.1245120472440941
11
5.5906888582677166
21
-4.1221363385826768
0
LINE
8
BLACK
6
CONTINUOUS
10
5.5906888582677166
20
-4.1221363385826768
11
5.584600157480315
21
-4.1209251968503935
0
LINE
8
BLACK
6
CONTINUOUS
10
5.584600157480315
20
-4.1209251968503935
11
5.5846000787401575
21
-4.1209251968503935
0
LINE
8
BLACK
6
CONTINUOUS
10
5.5846000787401575
20
-4.1209251968503935
11
5.5840902362204723
21
-4.1209251968503935
0
LINE
8
BLACK
6
CONTINUOUS
10
5.5840902362204723
20
-4.1209251968503935
11
5.5210981102362204
21
-4.1209251968503935
0
LINE
8
BLACK
6
CONTINUOUS
10
5.5210981102362204
20
-4.1209251968503935
11
5.5185039370078739
21
-4.1209251968503935
0
LINE
8
BLACK
6
CONTINUOUS
10
5.5185039370078739
20
-4.1209251968503935
11
5.5153999212598421
21
-4.1209251968503935
0
LINE
8
BLACK
6
CONTINUOUS
10
5.5153999212598421
20
-4.1209251968503935
11
5.5153998031496059
21
-4.1209251968503935
0
LINE
8
BLACK
6
CONTINUOUS
10
5.5153998031496059
20
-4.1209251968503935
11
5.5093111023622043
21
-4.1221363385826768
0
LINE
8
BLACK
6
CONTINUOUS
10
5.5093111023622043
20
-4.1221363385826768
11
5.5093109055118106
21
-4.1221364173228343
0
LINE
8
BLACK
6
CONTINUOUS
10
5.5093109055118106
20
-4.1221364173228343
11
5.503575590551181
21
-4.1245120472440941
0
LINE
8
BLACK
6
CONTINUOUS
10
5.503575590551181
20
-4.1245120472440941
11
5.4984139763779529
21
-4.1279609448818899
0
LINE
8
BLACK
6
CONTINUOUS
10
5.4984139763779529
20
-4.1279609448818899
11
5.4984137007874017
21
-4.1279611417322837
0
LINE
8
BLACK
6
CONTINUOUS
10
5.4984137007874017
20
-4.1279611417322837
11
5.4940241338582672
21
-4.1323507086614173
0
LINE
8
BLACK
6
CONTINUOUS
10
5.4940241338582672
20
-4.1323507086614173
11
5.4940239370078743
21
-4.1323509842519686
0
LINE
8
BLACK
6
CONTINUOUS
10
5.4940239370078743
20
-4.1323509842519686
11
5.4905750393700785
21
-4.1375125984251966
0
LINE
8
BLACK
6
CONTINUOUS
10
5.4905750393700785
20
-4.1375125984251966
11
5.4881994094488187
21
-4.1432479133858271
0
LINE
8
BLACK
6
CONTINUOUS
10
5.4881994094488187
20
-4.1432479133858271
11
5.4881993307086612
21
-4.14324811023622
0
LINE
8
BLACK
6
CONTINUOUS
10
5.4881993307086612
20
-4.14324811023622
11
5.4869881889763779
21
-4.1493368110236224
0
LINE
8
BLACK
6
CONTINUOUS
10
5.4869881889763779
20
-4.1493368110236224
11
5.4869881889763779
21
-4.1493369291338578
0
LINE
8
BLACK
6
CONTINUOUS
10
5.4869881889763779
20
-4.0193369291338579
11
5.4869881889763779
21
-4.0198467716535431
0
LINE
8
BLACK
6
CONTINUOUS
10
5.4869881889763779
20
-4.0198467716535431
11
5.4869881889763779
21
-4.0749648818897635
0
LINE
8
BLACK
6
CONTINUOUS
10
5.4869881889763779
20
-4.0749648818897635
11
5.4869881889763779
21
-4.07755905511811
0
LINE
8
BLACK
6
CONTINUOUS
10
5.4869881889763779
20
-4.07755905511811
11
5.4869881889763779
21
-4.0806630708661418
0
LINE
8
BLACK
6
CONTINUOUS
10
5.4869881889763779
20
-4.0806630708661418
11
5.4881993307086612
21
-4.0867518503937008
0
LINE
8
BLACK
6
CONTINUOUS
10
5.4881993307086612
20
-4.0867518503937008
11
5.4905750393700785
21
-4.0924873622047242
0
LINE
8
BLACK
6
CONTINUOUS
10
5.4905750393700785
20
-4.0924873622047242
11
5.4940240551181105
21
-4.097649173228346
0
LINE
8
BLACK
6
CONTINUOUS
10
5.4940240551181105
20
-4.097649173228346
11
5.4984138188976379
21
-4.1020389370078743
0
LINE
8
BLACK
6
CONTINUOUS
10
5.4984138188976379
20
-4.1020389370078743
11
5.5035756299212597
21
-4.1054879527559054
0
LINE
8
BLACK
6
CONTINUOUS
10
5.5035756299212597
20
-4.1054879527559054
11
5.5093111417322831
21
-4.1078636614173227
0
LINE
8
BLACK
6
CONTINUOUS
10
5.5093111417322831
20
-4.1078636614173227
11
5.5153999212598421
21
-4.109074803149606
0
LINE
8
BLACK
6
CONTINUOUS
10
5.5153999212598421
20
-4.109074803149606
11
5.5153999606299209
21
-4.109074803149606
0
LINE
8
BLACK
6
CONTINUOUS
10
5.5153999606299209
20
-4.109074803149606
11
5.5846000393700788
21
-4.109074803149606
0
LINE
8
BLACK
6
CONTINUOUS
10
5.5846000393700788
20
-4.109074803149606
11
5.5846000787401575
21
-4.109074803149606
0
LINE
8
BLACK
6
CONTINUOUS
10
5.5846000787401575
20
-4.109074803149606
11
5.5906888582677166
21
-4.1078636614173227
0
LINE
8
BLACK
6
CONTINUOUS
10
5.5906888582677166
20
-4.1078636614173227
11
5.5964243700787399
21
-4.1054879527559054
0
LINE
8
BLACK
6
CONTINUOUS
10
5.5964243700787399
20
-4.1054879527559054
11
5.6015861811023617
21
-4.1020389370078743
0
LINE
8
BLACK
6
CONTINUOUS
10
5.6015861811023617
20
-4.1020389370078743
11
5.60597594488189
21
-4.097649173228346
0
LINE
8
BLACK
6
CONTINUOUS
10
5.60597594488189
20
-4.097649173228346
11
5.6094249606299211
21
-4.0924873622047242
0
LINE
8
BLACK
6
CONTINUOUS
10
5.6094249606299211
20
-4.0924873622047242
11
5.6118006692913385
21
-4.0867518503937008
0
LINE
8
BLACK
6
CONTINUOUS
10
5.6118006692913385
20
-4.0867518503937008
11
5.6130118110236218
21
-4.0806630708661418
0
LINE
8
BLACK
6
CONTINUOUS
10
5.6130118110236218
20
-4.0806630708661418
11
5.6130118110236218
21
-4.07755905511811
0
LINE
8
BLACK
6
CONTINUOUS
10
5.6130118110236218
20
-4.07755905511811
11
5.6130118110236218
21
-4.0749648818897635
0
LINE
8
BLACK
6
CONTINUOUS
10
5.6130118110236218
20
-4.0749648818897635
11
5.6130118110236218
21
-4.0198467716535431
0
LINE
8
BLACK
6
CONTINUOUS
10
5.6130118110236218
20
-4.0198467716535431
11
5.6130118110236218
21
-4.0193369291338579
0
LINE
8
BLACK
6
CONTINUOUS
10
5.6130118110236218
20
-4.0193369291338579
11
5.6118006692913385
21
-4.0132481496062988
0
LINE
8
BLACK
6
CONTINUOUS
10
5.6118006692913385
20
-4.0132481496062988
11
5.6094249606299211
21
-4.0075126377952754
0
LINE
8
BLACK
6
CONTINUOUS
10
5.6094249606299211
20
-4.0075126377952754
11
5.60597594488189
21
-4.0023508267716537
0
LINE
8
BLACK
6
CONTINUOUS
10
5.60597594488189
20
-4.0023508267716537
11
5.6015861811023617
21
-3.9979610629921258
0
LINE
8
BLACK
6
CONTINUOUS
10
5.6015861811023617
20
-3.9979610629921258
11
5.5964243700787399
21
-3.9945120472440943
0
LINE
8
BLACK
6
CONTINUOUS
10
5.5964243700787399
20
-3.9945120472440943
11
5.5906888582677166
21
-3.9921363385826769
0
LINE
8
BLACK
6
CONTINUOUS
10
5.5906888582677166
20
-3.9921363385826769
11
5.584600157480315
21
-3.9909251968503936
0
LINE
8
BLACK
6
CONTINUOUS
10
5.584600157480315
20
-3.9909251968503936
11
5.5846000787401575
21
-3.9909251968503936
0
LINE
8
BLACK
6
CONTINUOUS
10
5.5846000787401575
20
-3.9909251968503936
11
5.5840902362204723
21
-3.9909251968503936
0
LINE
8
BLACK
6
CONTINUOUS
10
5.5840902362204723
20
-3.9909251968503936
11
5.5210981102362204
21
-3.9909251968503936
0
LINE
8
BLACK
6
CONTINUOUS
10
5.5210981102362204
20
-3.9909251968503936
11
5.5185039370078739
21
-3.9909251968503936
0
LINE
8
BLACK
6
CONTINUOUS
10
5.5185039370078739
20
-3.9909251968503936
11
5.5153999212598421
21
-3.9909251968503936
0
LINE
8
BLACK
6
CONTINUOUS
10
5.5153999212598421
20
-3.9909251968503936
11
5.5153998031496059
21
-3.9909251968503936
0
LINE
8
BLACK
6
CONTINUOUS
10
5.5153998031496059
20
-3.9909251968503936
11
5.5093111023622043
21
-3.9921363385826769
0
LINE
8
BLACK
6
CONTINUOUS
10
5.5093111023622043
20
-3.9921363385826769
11
5.5093109055118106
21
-3.9921364173228344
0
LINE
8
BLACK
6
CONTINUOUS
10
5.5093109055118106
20
-3.9921364173228344
11
5.503575590551181
21
-3.9945120472440943
0
LINE
8
BLACK
6
CONTINUOUS
10
5.503575590551181
20
-3.9945120472440943
11
5.4984139763779529
21
-3.9979609448818896
0
LINE
8
BLACK
6
CONTINUOUS
10
5.4984139763779529
20
-3.9979609448818896
11
5.4984137007874017
21
-3.9979611417322833
0
LINE
8
BLACK
6
CONTINUOUS
10
5.4984137007874017
20
-3.9979611417322833
11
5.4940241338582672
21
-4.0023507086614174
0
LINE
8
BLACK
6
CONTINUOUS
10
5.4940241338582672
20
-4.0023507086614174
11
5.4940239370078743
21
-4.0023509842519687
0
LINE
8
BLACK
6
CONTINUOUS
10
5.4940239370078743
20
-4.0023509842519687
11
5.4905750393700785
21
-4.0075125984251967
0
LINE
8
BLACK
6
CONTINUOUS
10
5.4905750393700785
20
-4.0075125984251967
11
5.4881994094488187
21
-4.0132479133858263
0
LINE
8
BLACK
6
CONTINUOUS
10
5.4881994094488187
20
-4.0132479133858263
11
5.4881993307086612
21
-4.0132481102362201
0
LINE
8
BLACK
6
CONTINUOUS
10
5.4881993307086612
20
-4.0132481102362201
11
5.4869881889763779
21
-4.0193368110236216
0
LINE
8
BLACK
6
CONTINUOUS
10
5.4869881889763779
20
-4.0193368110236216
11
5.4869881889763779
21
-4.0193369291338579
0
CIRCLE
8
BLACK
10
5.8585826771653542
20
-4.6730708661417326
40
0.0039370078740157
0
CIRCLE
8
BLACK
10
5.8999212598425199
20
-4.6730708661417326
40
0.0039370078740157
0
CIRCLE
8
BLACK
10
5.9412598425196848
20
-4.6730708661417326
40
0.0039370078740157
0
CIRCLE
8
BLACK
10
5.8585826771653542
20
-4.6317322834645669
40
0.0039370078740157
0
CIRCLE
8
BLACK
10
5.8999212598425199
20
-4.6317322834645669
40
0.0039370078740157
0
CIRCLE
8
BLACK
10
5.9412598425196848
20
-4.6317322834645669
40
0.0039370078740157
0
CIRCLE
8
BLACK
10
5.8585826771653542
20
-4.5903937007874012
40
0.0039370078740157
0
CIRCLE
8
BLACK
10
5.8999212598425199
20
-4.5903937007874012
40
0.0039370078740157
0
CIRCLE
8
BLACK
10
5.9412598425196848
20
-4.5903937007874012
40
0.0039370078740157
0
CIRCLE
8
BLACK
10
7.1384881889763774
20
-4.6125118110236221
40
0.0068897637795276
0
CIRCLE
8
BLACK
10
7.2384881889763779
20
-4.7125118110236217
40
0.0068897637795276
0
CIRCLE
8
BLACK
10
7.2384881889763779
20
-4.5125118110236215
40
0.0068897637795276
0
CIRCLE
8
BLACK
10
7.0384881889763777
20
-4.7125118110236217
40
0.0068897637795276
0
CIRCLE
8
BLACK
10
7.0384881889763777
20
-4.5125118110236215
40
0.0068897637795276
0
CIRCLE
8
BLACK
10
5.5510000000000002
20
-4.593
40
0.0059055118110236
0
CIRCLE
8
BLACK
10
5.6099999999999994
20
-4.5439999999999996
40
0.0059055118110236
0
CIRCLE
8
BLACK
10
6.5969999999999995
20
-4.4180000000000001
40
0.0059055118110236
0
CIRCLE
8
BLACK
10
6.3266141732283465
20
-4.491181102362205
40
0.0059055118110236
0
CIRCLE
8
BLACK
10
6.4870000000000001
20
-4.5419999999999998
40
0.0059055118110236
0
CIRCLE
8
BLACK
10
6.1840000000000002
20
-4.3179999999999996
40
0.0059055118110236
0
CIRCLE
8
BLACK
10
6.7989999999999995
20
-4.5599999999999996
40
0.0059055118110236
0
CIRCLE
8
BLACK
10
6.6119640944881892
20
-3.9499999999999997
40
0.0059055118110236
0
CIRCLE
8
BLACK
10
6.3679999999999994
20
-4.5019999999999998
40
0.0059055118110236
0
CIRCLE
8
BLACK
10
7.274
20
-4.2139999999999995
40
0.0059055118110236
0
CIRCLE
8
BLACK
10
5.7059999999999995
20
-4.8029999999999999
40
0.0059055118110236
0
CIRCLE
8
BLACK
10
6.7939999999999996
20
-4.0389999999999997
40
0.0059055118110236
0
CIRCLE
8
BLACK
10
6.173818897637795
20
-4.2373228346456688
40
0.0059055118110236
0
CIRCLE
8
BLACK
10
6.0129999999999999
20
-5.0119999999999996
40
0.0059055118110236
0
CIRCLE
8
BLACK
10
7.0979999999999999
20
-4.0640000000000001
40
0.0059055118110236
0
CIRCLE
8
BLACK
10
5.3700000000000001
20
-4.2312500000000002
40
0.0059055118110236
0
CIRCLE
8
BLACK
10
6.1319999999999997
20
-4.4500000000000002
40
0.0059055118110236
0
CIRCLE
8
BLACK
10
6.5039999999999996
20
-4.8319999999999999
40
0.0059055118110236
0
CIRCLE
8
BLACK
10
6.1189999999999998
20
-4.4050000000000002
40
0.0059055118110236
0
CIRCLE
8
BLACK
10
6.5780000000000003
20
-4.8280000000000003
40
0.0059055118110236
0
CIRCLE
8
BLACK
10
6.9370000000000003
20
-4.3959999999999999
40
0.0059055118110236
0
CIRCLE
8
BLACK
10
5.601
20
-4.4939999999999998
40
0.0059055118110236
0
CIRCLE
8
BLACK
10
6.021392755905512
20
-3.9499999999999997
40
0.0059055118110236
0
CIRCLE
8
BLACK
10
6.6310000000000002
20
-4.6399999999999997
40
0.0059055118110236
0
CIRCLE
8
BLACK
10
7.4089999999999998
20
-4.4518181102362204
40
0.0059055118110236
0
CIRCLE
8
BLACK
10
6.9639999999999995
20
-4.2430000000000003
40
0.0059055118110236
0
CIRCLE
8
BLACK
10
6.9889999999999999
20
-5.0499999999999998
40
0.0059055118110236
0
CIRCLE
8
BLACK
10
6.4429999999999996
20
-4.7560000000000002
40
0.0059055118110236
0
CIRCLE
8
BLACK
10
6.4643212598425199
20
-3.9499999999999997
40
0.0059055118110236
0
CIRCLE
8
BLACK
10
6.9239999999999995
20
-4.0339999999999998
40
0.0059055118110236
0
CIRCLE
8
BLACK
10
6.226
20
-5.0499999999999998
40
0.0059055118110236
0
CIRCLE
8
BLACK
10
6.5949999999999998
20
-4.7610000000000001
40
0.0059055118110236
0
CIRCLE
8
BLACK
10
6.008
20
-5.0499999999999998
40
0.0059055118110236
0
CIRCLE
8
BLACK
10
6.7389999999999999
20
-4.7270000000000003
40
0.0059055118110236
0
CIRCLE
8
BLACK
10
6.0952141732283467
20
-3.9499999999999997
40
0.0059055118110236
0
CIRCLE
8
BLACK
10
6.5859999999999994
20
-4.6390000000000002
40
0.0059055118110236
0
CIRCLE
8
BLACK
10
7.1287140157480318
20
-3.9499999999999997
40
0.0059055118110236
0
CIRCLE
8
BLACK
10
6.242857007874016
20
-3.9499999999999997
40
0.0059055118110236
0
CIRCLE
8
BLACK
10
6.3719999999999999
20
-4.6479999999999997
40
0.0059055118110236
0
CIRCLE
8
BLACK
10
6.6289999999999996
20
-4.827
40
0.0059055118110236
0
CIRCLE
8
BLACK
10
7.4299999999999997
20
-4.845272598425197
40
0.0059055118110236
0
CIRCLE
8
BLACK
10
6.7596069291338585
20
-3.9499999999999997
40
0.0059055118110236
0
CIRCLE
8
BLACK
10
5.9199999999999999
20
-4.8399999999999999
40
0.0059055118110236
0
CIRCLE
8
BLACK
10
6.2690000000000001
20
-4.819
40
0.0059055118110236
0
CIRCLE
8
BLACK
10
6.2089999999999996
20
-4.4889999999999999
40
0.0059055118110236
0
CIRCLE
8
BLACK
10
6.7050000000000001
20
-4.9239999999999995
40
0.0059055118110236
0
CIRCLE
8
BLACK
10
5.9392913385826773
20
-4.7695275590551178
40
0.0059055118110236
0
CIRCLE
8
BLACK
10
5.5720000000000001
20
-5.0499999999999998
40
0.0059055118110236
0
CIRCLE
8
BLACK
10
6.4050000000000002
20
-4.3159999999999998
40
0.0059055118110236
0
CIRCLE
8
BLACK
10
6.8799999999999999
20
-5.0499999999999998
40
0.0059055118110236
0
CIRCLE
8
BLACK
10
7.3179999999999996
20
-4.5599999999999996
40
0.0059055118110236
0
CIRCLE
8
BLACK
10
6.8069999999999995
20
-4.5169999999999995
40
0.0059055118110236
0
CIRCLE
8
BLACK
10
5.4308214173228349
20
-3.9499999999999997
40
0.0059055118110236
0
CIRCLE
8
BLACK
10
5.5046428346456695
20
-3.9499999999999997
40
0.0059055118110236
0
CIRCLE
8
BLACK
10
5.3499999999999996
20
-4.7557499999999999
40
0.0059055118110236
0
CIRCLE
8
BLACK
10
6.6619999999999999
20
-5.0499999999999998
40
0.0059055118110236
0
CIRCLE
8
BLACK
10
6.3166784251968506
20
-3.9499999999999997
40
0.0059055118110236
0
CIRCLE
8
BLACK
10
6.5110000000000001
20
-4.6459999999999999
40
0.0059055118110236
0
CIRCLE
8
BLACK
10
5.5784642519685042
20
-3.9499999999999997
40
0.0059055118110236
0
CIRCLE
8
BLACK
10
7.1419999999999995
20
-4.4390000000000001
40
0.0059055118110236
0
CIRCLE
8
BLACK
10
7.4290000000000003
20
-4.1567272440944878
40
0.0059055118110236
0
CIRCLE
8
BLACK
10
6.8389999999999995
20
-4.79
40
0.0059055118110236
0
CIRCLE
8
BLACK
10
7.4239999999999995
20
-3.96
40
0.0059055118110236
0
CIRCLE
8
BLACK
10
7.2763568503937011
20
-3.9499999999999997
40
0.0059055118110236
0
CIRCLE
8
BLACK
10
7.4260000000000002
20
-4.7469089763779531
40
0.0059055118110236
0
CIRCLE
8
BLACK
10
7.1449999999999996
20
-4.9249999999999998
40
0.0059055118110236
0
CIRCLE
8
BLACK
10
5.3799999999999999
20
-4.8868749999999999
40
0.0059055118110236
0
CIRCLE
8
BLACK
10
5.79
20
-5.0499999999999998
40
0.0059055118110236
0
CIRCLE
8
BLACK
10
6.2039999999999997
20
-4.9239999999999995
40
0.0059055118110236
0
CIRCLE
8
BLACK
10
6.1690355905511813
20
-3.9499999999999997
40
0.0059055118110236
0
CIRCLE
8
BLACK
10
7.3159999999999998
20
-4.6639999999999997
40
0.0059055118110236
0
CIRCLE
8
BLACK
10
6.8439999999999994
20
-4.5629999999999997
40
0.0059055118110236
0
CIRCLE
8
BLACK
10
7.4319999999999995
20
-4.9436362204724409
40
0.0059055118110236
0
CIRCLE
8
BLACK
10
5.7999285039370081
20
-3.9499999999999997
40
0.0059055118110236
0
CIRCLE
8
BLACK
10
5.7429999999999994
20
-4.5190000000000001
40
0.0059055118110236
0
CIRCLE
8
BLACK
10
7.335
20
-4.6120000000000001
40
0.0059055118110236
0
CIRCLE
8
BLACK
10
5.8860000000000001
20
-4.9509999999999996
40
0.0059055118110236
0
CIRCLE
8
BLACK
10
6.3799999999999999
20
-4.5439999999999996
40
0.0059055118110236
0
CIRCLE
8
BLACK
10
6.8334283464566932
20
-3.9499999999999997
40
0.0059055118110236
0
CIRCLE
8
BLACK
10
7.2025354330708664
20
-3.9499999999999997
40
0.0059055118110236
0
CIRCLE
8
BLACK
10
7.2859999999999996
20
-4.3639999999999999
40
0.0059055118110236
0
CIRCLE
8
BLACK
10
5.8703937007874014
20
-4.7519999999999998
40
0.0059055118110236
0
CIRCLE
8
BLACK
10
6.3149999999999995
20
-4.9569999999999999
40
0.0059055118110236
0
CIRCLE
8
BLACK
10
5.7261070866141734
20
-3.9499999999999997
40
0.0059055118110236
0
CIRCLE
8
BLACK
10
7.1390000000000002
20
-4.4950000000000001
40
0.0059055118110236
0
CIRCLE
8
BLACK
10
6.9810711811023625
20
-3.9499999999999997
40
0.0059055118110236
0
CIRCLE
8
BLACK
10
7.077
20
-4.1959999999999997
40
0.0059055118110236
0
CIRCLE
8
BLACK
10
5.3499999999999996
20
-4.624625
40
0.0059055118110236
0
CIRCLE
8
BLACK
10
6.335
20
-5.0499999999999998
40
0.0059055118110236
0
CIRCLE
8
BLACK
10
6.1390000000000002
20
-4.9370000000000003
40
0.0059055118110236
0
CIRCLE
8
BLACK
10
6.3238188976377954
20
-4.187322834645669
40
0.0059055118110236
0
CIRCLE
8
BLACK
10
5.3499999999999996
20
-4.3623750000000001
40
0.0059055118110236
0
CIRCLE
8
BLACK
10
6.1099999999999994
20
-4.6499999999999995
40
0.0059055118110236
0
CIRCLE
8
BLACK
10
7.4260000000000002
20
-4.6589999999999998
40
0.0059055118110236
0
CIRCLE
8
BLACK
10
7.4319999999999995
20
-4.2550908661417326
40
0.0059055118110236
0
CIRCLE
8
BLACK
10
6.444
20
-5.0499999999999998
40
0.0059055118110236
0
CIRCLE
8
BLACK
10
6.9039999999999999
20
-4.5649999999999995
40
0.0059055118110236
0
CIRCLE
8
BLACK
10
7.0548925984251971
20
-3.9499999999999997
40
0.0059055118110236
0
CIRCLE
8
BLACK
10
6.8319999999999999
20
-4.6699999999999999
40
0.0059055118110236
0
CIRCLE
8
BLACK
10
6.4420000000000002
20
-4.5419999999999998
40
0.0059055118110236
0
CIRCLE
8
BLACK
10
5.4630000000000001
20
-5.0499999999999998
40
0.0059055118110236
0
CIRCLE
8
BLACK
10
6.0329999999999995
20
-4.5700000000000003
40
0.0059055118110236
0
CIRCLE
8
BLACK
10
6.931
20
-4.7219999999999995
40
0.0059055118110236
0
CIRCLE
8
BLACK
10
6.7709999999999999
20
-4.4749999999999996
40
0.0059055118110236
0
CIRCLE
8
BLACK
10
7.345667637795275
20
-4.7923523228346454
40
0.0059055118110236
0
CIRCLE
8
BLACK
10
6.117
20
-5.0499999999999998
40
0.0059055118110236
0
CIRCLE
8
BLACK
10
6.109
20
-4.4950000000000001
40
0.0059055118110236
0
CIRCLE
8
BLACK
10
6.7009999999999996
20
-4.4619999999999997
40
0.0059055118110236
0
CIRCLE
8
BLACK
10
6.9072497637795278
20
-3.9499999999999997
40
0.0059055118110236
0
CIRCLE
8
BLACK
10
7.4249999999999998
20
-5.0419999999999998
40
0.0059055118110236
0
CIRCLE
8
BLACK
10
7.0979999999999999
20
-5.0499999999999998
40
0.0059055118110236
0
CIRCLE
8
BLACK
10
6.5209999999999999
20
-4.3159999999999998
40
0.0059055118110236
0
CIRCLE
8
BLACK
10
6.6857855118110239
20
-3.9499999999999997
40
0.0059055118110236
0
CIRCLE
8
BLACK
10
7.1379999999999999
20
-4.7270000000000003
40
0.0059055118110236
0
CIRCLE
8
BLACK
10
5.7949999999999999
20
-4.8120000000000003
40
0.0059055118110236
0
CIRCLE
8
BLACK
10
5.7503149606299209
20
-4.6829133858267715
40
0.0059055118110236
0
CIRCLE
8
BLACK
10
6.5381426771653546
20
-3.9499999999999997
40
0.0059055118110236
0
CIRCLE
8
BLACK
10
6.335
20
-4.8179999999999996
40
0.0059055118110236
0
CIRCLE
8
BLACK
10
6.7279999999999998
20
-4.766
40
0.0059055118110236
0
CIRCLE
8
BLACK
10
6.5389999999999997
20
-4.7560000000000002
40
0.0059055118110236
0
CIRCLE
8
BLACK
10
6.3904998425196853
20
-3.9499999999999997
40
0.0059055118110236
0
CIRCLE
8
BLACK
10
6.1449999999999996
20
-4.8179999999999996
40
0.0059055118110236
0
CIRCLE
8
BLACK
10
5.8737499212598427
20
-3.9499999999999997
40
0.0059055118110236
0
CIRCLE
8
BLACK
10
6.4450000000000003
20
-4.8309999999999995
40
0.0059055118110236
0
CIRCLE
8
BLACK
10
6.6829999999999998
20
-4.8099999999999996
40
0.0059055118110236
0
CIRCLE
8
BLACK
10
6.1719999999999997
20
-4.6520000000000001
40
0.0059055118110236
0
CIRCLE
8
BLACK
10
6.8410000000000002
20
-4.9109999999999996
40
0.0059055118110236
0
CIRCLE
8
BLACK
10
7.2439999999999998
20
-4.0889999999999995
40
0.0059055118110236
0
CIRCLE
8
BLACK
10
6.2754330708661419
20
-4.491181102362205
40
0.0059055118110236
0
CIRCLE
8
BLACK
10
6.4269999999999996
20
-4.649
40
0.0059055118110236
0
CIRCLE
8
BLACK
10
6.2290000000000001
20
-4.6529999999999996
40
0.0059055118110236
0
CIRCLE
8
BLACK
10
6.3788188976377951
20
-4.2373228346456688
40
0.0059055118110236
0
CIRCLE
8
BLACK
10
6.5919999999999996
20
-4.4930000000000003
40
0.0059055118110236
0
CIRCLE
8
BLACK
10
6.3129999999999997
20
-4.0449999999999999
40
0.0059055118110236
0
CIRCLE
8
BLACK
10
7.3159999999999998
20
-5.0499999999999998
40
0.0059055118110236
0
CIRCLE
8
BLACK
10
6.7709999999999999
20
-5.0499999999999998
40
0.0059055118110236
0
CIRCLE
8
BLACK
10
6.4809999999999999
20
-4.7549999999999999
40
0.0059055118110236
0
CIRCLE
8
BLACK
10
7.1379999999999999
20
-4.7909999999999995
40
0.0059055118110236
0
CIRCLE
8
BLACK
10
7.0190000000000001
20
-4.3629999999999995
40
0.0059055118110236
0
CIRCLE
8
BLACK
10
6.6120000000000001
20
-4.3159999999999998
40
0.0059055118110236
0
CIRCLE
8
BLACK
10
6.96
20
-4.5629999999999997
40
0.0059055118110236
0
CIRCLE
8
BLACK
10
5.9500000000000002
20
-4.3999999999999995
40
0.0059055118110236
0
CIRCLE
8
BLACK
10
6.5229999999999997
20
-4.9550000000000001
40
0.0059055118110236
0
CIRCLE
8
BLACK
10
6.8839999999999995
20
-4.6769999999999996
40
0.0059055118110236
0
CIRCLE
8
BLACK
10
5.3650000000000002
20
-4.1001250000000002
40
0.0059055118110236
0
CIRCLE
8
BLACK
10
6.0889999999999995
20
-4.9799999999999995
40
0.0059055118110236
0
CIRCLE
8
BLACK
10
5.9475713385826774
20
-3.9499999999999997
40
0.0059055118110236
0
CIRCLE
8
BLACK
10
5.3540000000000001
20
-5.0179999999999998
40
0.0059055118110236
0
CIRCLE
8
BLACK
10
6.5529999999999999
20
-5.0499999999999998
40
0.0059055118110236
0
CIRCLE
8
BLACK
10
6.5510000000000002
20
-4.6429999999999998
40
0.0059055118110236
0
CIRCLE
8
BLACK
10
7.1539999999999999
20
-4.2809999999999997
40
0.0059055118110236
0
CIRCLE
8
BLACK
10
7.3501782677165357
20
-3.9499999999999997
40
0.0059055118110236
0
CIRCLE
8
BLACK
10
5.899
20
-5.0499999999999998
40
0.0059055118110236
0
CIRCLE
8
BLACK
10
6.2699999999999996
20
-4.3179999999999996
40
0.0059055118110236
0
CIRCLE
8
BLACK
10
7.4279999999999999
20
-4.5501817322834643
40
0.0059055118110236
0
CIRCLE
8
BLACK
10
6.298
20
-4.6520000000000001
40
0.0059055118110236
0
CIRCLE
8
BLACK
10
6.2238188976377948
20
-4.2373228346456688
40
0.0059055118110236
0
CIRCLE
8
BLACK
10
7.3330000000000002
20
-4.9409999999999998
40
0.0059055118110236
0
CIRCLE
8
BLACK
10
5.6522856692913388
20
-3.9499999999999997
40
0.0059055118110236
0
CIRCLE
8
BLACK
10
6.5289999999999999
20
-4.024
40
0.0059055118110236
0
CIRCLE
8
BLACK
10
7.4189999999999996
20
-4.3534544881889765
40
0.0059055118110236
0
CIRCLE
8
BLACK
10
5.3499999999999996
20
-4.4935
40
0.0059055118110236
0
CIRCLE
8
BLACK
10
5.3570000000000002
20
-3.9689999999999999
40
0.0059055118110236
0
CIRCLE
8
BLACK
10
6.5899999999999999
20
-4.5419999999999998
40
0.0059055118110236
0
CIRCLE
8
BLACK
10
5.6399999999999997
20
-4.8010000000000002
40
0.0059055118110236
0
CIRCLE
8
BLACK
10
6.2160000000000002
20
-4.8170000000000002
40
0.0059055118110236
0
CIRCLE
8
BLACK
10
5.8799999999999999
20
-4.3999999999999995
40
0.0059055118110236
0
CIRCLE
8
BLACK
10
6.7989999999999995
20
-4.3179999999999996
40
0.0059055118110236
0
CIRCLE
8
BLACK
10
6.0709999999999997
20
-4.5329999999999995
40
0.0059055118110236
0
CIRCLE
8
BLACK
10
5.681
20
-5.0499999999999998
40
0.0059055118110236
0
CIRCLE
8
BLACK
10
6.641
20
-4.7649999999999997
40
0.0059055118110236
0
CIRCLE
8
BLACK
10
7.4159999999999995
20
-4.0583636220472439
40
0.0059055118110236
0
CIRCLE
8
BLACK
10
6.9749999999999996
20
-4.9649999999999999
40
0.0059055118110236
0
CIRCLE
8
BLACK
10
5.7549999999999999
20
-4.7949999999999999
40
0.0059055118110236
0
CIRCLE
8
BLACK
10
6.7429999999999994
20
-4.6870000000000003
40
0.0059055118110236
0
CIRCLE
8
BLACK
10
6.5409999999999995
20
-4.5419999999999998
40
0.0059055118110236
0
CIRCLE
8
BLACK
10
7.2069999999999999
20
-5.0499999999999998
40
0.0059055118110236
0
CIRCLE
8
BLACK
10
5.6020000000000003
20
-4.4399999999999995
40
0.0059055118110236
0
CIRCLE
8
BLACK
10
5.4900000000000002
20
-4.4850000000000003
40
0.0059055118110236
0
CIRCLE
8
BLACK
10
5.8499999999999996
20
-4.1600000000000001
40
0.0059055118110236
0
CIRCLE
8
BLACK
10
5.5716121653543302
20
-4.8456121653543303
40
0.0059055118110236
0
CIRCLE
8
BLACK
10
5.8799999999999999
20
-4.3289999999999997
40
0.0059055118110236
0
CIRCLE
8
BLACK
10
5.681
20
-4.5992519685039372
40
0.0059055118110236
0
CIRCLE
8
BLACK
10
5.6975196850393699
20
-4.3700000000000001
40
0.0059055118110236
0
CIRCLE
8
BLACK
10
5.9799999999999995
20
-4.7644878740157477
40
0.0059055118110236
0
CIRCLE
8
BLACK
10
6.0579999999999998
20
-4.8825196850393704
40
0.0059055118110236
0
CIRCLE
8
BLACK
10
5.9579901968503934
20
-4.4679876771653539
40
0.0059055118110236
0
CIRCLE
8
BLACK
10
6.0121107480314961
20
-4.439287559055118
40
0.0059055118110236
0
CIRCLE
8
BLACK
10
5.9525250787401571
20
-4.5048560629921255
40
0.0059055118110236
0
CIRCLE
8
BLACK
10
6.0529999999999999
20
-4.4589999999999996
40
0.0059055118110236
0
CIRCLE
8
BLACK
10
6.0634346456692914
20
-4.3286477165354329
40
0.0059055118110236
0
CIRCLE
8
BLACK
10
5.9299999999999997
20
-4.3300000000000001
40
0.0059055118110236
0
CIRCLE
8
BLACK
10
5.7835748031496061
20
-4.5034135826771653
40
0.0059055118110236
0
CIRCLE
8
BLACK
10
5.8910323228346453
20
-4.4844639763779526
40
0.0059055118110236
0
CIRCLE
8
BLACK
10
5.8347244094488184
20
-4.4746022047244089
40
0.0059055118110236
0
CIRCLE
8
BLACK
10
5.9253876771653546
20
-4.4392489763779528
40
0.0059055118110236
0
CIRCLE
8
BLACK
10
5.8081496062992128
20
-4.3620000000000001
40
0.0059055118110236
0
CIRCLE
8
BLACK
10
6.6440000000000001
20
-4.3919999999999995
40
0.0059055118110236
0
CIRCLE
8
BLACK
10
5.7850000393700789
20
-4.3334548818897636
40
0.0059055118110236
0
CIRCLE
8
BLACK
10
5.8228944488188974
20
-4.7389998425196849
40
0.0059055118110236
0
CIRCLE
8
BLACK
10
6.1150000000000002
20
-4.3000001574803148
40
0.0059055118110236
0
CIRCLE
8
BLACK
10
5.8559999999999999
20
-4.3010000000000002
40
0.0059055118110236
  0
ENDSEC
  0
EOF
